timestamp,machine,piece_type,operator,cycle_time_min,status,defect_type
2026-03-01 06:00:00,M1,Compresseur,OP05,41.05,OK,
2026-03-01 06:30:00,M5,Compresseur,OP07,43.03,NOK,Rayure
2026-03-01 07:00:00,M5,Injecteur,OP01,25.38,OK,
2026-03-01 07:30:00,M4,Injecteur,OP05,42.78,OK,
2026-03-01 08:00:00,M4,Carter,OP05,39.93,OK,
2026-03-01 08:30:00,M1,Carter,OP06,42.83,OK,
2026-03-01 09:00:00,M4,Injecteur,OP02,30.69,OK,
2026-03-01 09:30:00,M5,Carter,OP04,37.04,OK,
2026-03-01 10:00:00,M2,Carter,OP02,41.95,OK,
2026-03-01 10:30:00,M3,Turbine,OP06,46.57,OK,
2026-03-01 11:00:00,M1,Injecteur,OP03,26.95,OK,
2026-03-01 11:30:00,M5,Turbine,OP06,49.05,OK,
2026-03-01 12:00:00,M2,Compresseur,OP06,41.66,OK,
2026-03-01 12:30:00,M3,Turbine,OP08,51.6,OK,
2026-03-01 13:00:00,M4,Turbine,OP05,50.96,OK,
2026-03-01 13:30:00,M4,Injecteur,OP07,31.56,OK,
2026-03-01 14:00:00,M2,Injecteur,OP08,31.23,OK,
2026-03-01 14:30:00,M4,Injecteur,OP02,28.47,OK,
2026-03-01 15:00:00,M4,Injecteur,OP05,33.47,NOK,Rayure
2026-03-01 15:30:00,M5,Carter,OP06,36.5,OK,
2026-03-01 16:00:00,M4,Compresseur,OP05,44.67,OK,
2026-03-01 16:30:00,M3,Injecteur,OP04,30.17,OK,
2026-03-01 17:00:00,M5,Injecteur,OP01,26.86,OK,
2026-03-01 17:30:00,M3,Turbine,OP01,49.11,OK,
2026-03-01 18:00:00,M1,Compresseur,OP08,44.12,OK,
2026-03-01 18:30:00,M4,Injecteur,OP03,20.92,OK,
2026-03-01 19:00:00,M4,Turbine,OP04,47.35,OK,
2026-03-01 19:30:00,M5,Aube,OP02,29.75,OK,
2026-03-01 20:00:00,M1,Injecteur,OP04,28.71,OK,
2026-03-01 20:30:00,M1,Compresseur,OP06,40.82,OK,
2026-03-01 21:00:00,M4,Turbine,OP03,47.03,OK,
2026-03-01 21:30:00,M4,Aube,OP04,25.29,OK,
2026-03-01 22:00:00,M3,Aube,OP07,29.57,OK,
2026-03-01 22:30:00,M1,Compresseur,OP07,41.93,OK,
2026-03-01 23:00:00,M1,Turbine,OP04,50.12,OK,
2026-03-01 23:30:00,M2,Compresseur,OP08,45.34,OK,
2026-03-02 00:00:00,M1,Compresseur,OP01,47.27,OK,
2026-03-02 00:30:00,M4,Aube,OP04,29.76,OK,
2026-03-02 01:00:00,M2,Aube,OP01,35.69,OK,
2026-03-02 01:30:00,M4,Injecteur,OP08,27.8,OK,
2026-03-02 02:00:00,M1,Injecteur,OP01,28.99,OK,
2026-03-02 02:30:00,M5,Turbine,OP01,48.54,OK,
2026-03-02 03:00:00,M2,Compresseur,OP02,41.57,OK,
2026-03-02 03:30:00,M2,Injecteur,OP01,28.67,OK,
2026-03-02 04:00:00,M5,Injecteur,OP06,31.24,OK,
2026-03-02 04:30:00,M4,Turbine,OP05,47.25,OK,
2026-03-02 05:00:00,M1,Compresseur,OP08,38.39,OK,
2026-03-02 05:30:00,M5,Carter,OP03,35.01,OK,
2026-03-02 06:00:00,M2,Carter,OP05,41.41,OK,
2026-03-02 06:30:00,M5,Compresseur,OP05,45.94,OK,
2026-03-02 07:00:00,M2,Carter,OP02,42.05,OK,
2026-03-02 07:30:00,M2,Carter,OP04,35.55,OK,
2026-03-02 08:00:00,M5,Aube,OP05,36.99,OK,
2026-03-02 08:30:00,M3,Compresseur,OP01,39.96,OK,
2026-03-02 09:00:00,M3,Turbine,OP08,48.2,NOK,Rayure
2026-03-02 09:30:00,M2,Injecteur,OP01,29.56,OK,
2026-03-02 10:00:00,M2,Aube,OP03,36.08,OK,
2026-03-02 10:30:00,M1,Carter,OP04,37.69,OK,
2026-03-02 11:00:00,M3,Injecteur,OP07,35.6,OK,
2026-03-02 11:30:00,M2,Turbine,OP07,49.74,NOK,Assemblage
2026-03-02 12:00:00,M4,Turbine,OP05,50.35,OK,
2026-03-02 12:30:00,M4,Turbine,OP04,51.66,OK,
2026-03-02 13:00:00,M3,Turbine,OP04,52.81,OK,
2026-03-02 13:30:00,M3,Carter,OP07,39.27,OK,
2026-03-02 14:00:00,M3,Compresseur,OP02,44.56,OK,
2026-03-02 14:30:00,M1,Compresseur,OP07,39.48,OK,
2026-03-02 15:00:00,M4,Injecteur,OP02,25.24,OK,
2026-03-02 15:30:00,M1,Injecteur,OP04,31.42,OK,
2026-03-02 16:00:00,M3,Injecteur,OP06,30.25,OK,
2026-03-02 16:30:00,M4,Carter,OP07,34.76,OK,
2026-03-02 17:00:00,M2,Aube,OP07,30.83,OK,
2026-03-02 17:30:00,M5,Compresseur,OP05,36.07,OK,
2026-03-02 18:00:00,M5,Injecteur,OP06,26.55,OK,
2026-03-02 18:30:00,M2,Compresseur,OP05,43.16,OK,
2026-03-02 19:00:00,M3,Compresseur,OP04,42.07,OK,
2026-03-02 19:30:00,M2,Aube,OP02,31.73,OK,
2026-03-02 20:00:00,M5,Turbine,OP07,63.42,OK,
2026-03-02 20:30:00,M1,Aube,OP04,32.07,OK,
2026-03-02 21:00:00,M5,Aube,OP01,26.65,OK,
2026-03-02 21:30:00,M4,Injecteur,OP06,25.79,OK,
2026-03-02 22:00:00,M5,Injecteur,OP07,31.21,OK,
2026-03-02 22:30:00,M4,Aube,OP05,27.91,OK,
2026-03-02 23:00:00,M3,Injecteur,OP08,29.43,OK,
2026-03-02 23:30:00,M3,Carter,OP06,37.4,OK,
2026-03-03 00:00:00,M2,Turbine,OP07,48.99,OK,
2026-03-03 00:30:00,M5,Aube,OP07,28.39,OK,
2026-03-03 01:00:00,M4,Injecteur,OP01,43.77,OK,
2026-03-03 01:30:00,M4,Aube,OP04,27.26,OK,
2026-03-03 02:00:00,M4,Compresseur,OP07,37.83,OK,
2026-03-03 02:30:00,M4,Turbine,OP01,51.62,OK,
2026-03-03 03:00:00,M1,Compresseur,OP07,43.05,OK,
2026-03-03 03:30:00,M2,Aube,OP06,35.85,OK,
2026-03-03 04:00:00,M3,Aube,OP05,35.61,OK,
2026-03-03 04:30:00,M3,Turbine,OP02,48.28,OK,
2026-03-03 05:00:00,M1,Turbine,OP04,51.07,OK,
2026-03-03 05:30:00,M1,Injecteur,OP04,25.7,OK,
2026-03-03 06:00:00,M3,Turbine,OP02,51.29,OK,
2026-03-03 06:30:00,M3,Injecteur,OP07,29.35,OK,
2026-03-03 07:00:00,M1,Injecteur,OP04,32.86,OK,
2026-03-03 07:30:00,M1,Injecteur,OP01,31.88,OK,
2026-03-03 08:00:00,M3,Compresseur,OP06,45.91,OK,
2026-03-03 08:30:00,M3,Aube,OP03,34.23,OK,
2026-03-03 09:00:00,M3,Injecteur,OP08,25.89,OK,
2026-03-03 09:30:00,M2,Compresseur,OP05,43.65,OK,
2026-03-03 10:00:00,M4,Injecteur,OP07,26.31,OK,
2026-03-03 10:30:00,M3,Carter,OP06,41.8,OK,
2026-03-03 11:00:00,M3,Injecteur,OP01,29.19,OK,
2026-03-03 11:30:00,M5,Turbine,OP08,49.31,OK,
2026-03-03 12:00:00,M1,Compresseur,OP05,41.76,OK,
2026-03-03 12:30:00,M4,Injecteur,OP06,32.23,OK,
2026-03-03 13:00:00,M3,Carter,OP08,38.72,OK,
2026-03-03 13:30:00,M1,Injecteur,OP03,31.11,OK,
2026-03-03 14:00:00,M3,Injecteur,OP05,36.25,OK,
2026-03-03 14:30:00,M3,Compresseur,OP03,42.35,OK,
2026-03-03 15:00:00,M5,Carter,OP03,34.47,OK,
2026-03-03 15:30:00,M3,Aube,OP08,30.43,OK,
2026-03-03 16:00:00,M1,Carter,OP08,37.78,OK,
2026-03-03 16:30:00,M1,Turbine,OP03,49.68,OK,
2026-03-03 17:00:00,M1,Turbine,OP02,46.29,OK,
2026-03-03 17:30:00,M5,Aube,OP08,31.46,OK,
2026-03-03 18:00:00,M5,Aube,OP05,31.6,OK,
2026-03-03 18:30:00,M2,Turbine,OP05,50.09,OK,
2026-03-03 19:00:00,M2,Injecteur,OP02,32.09,OK,
2026-03-03 19:30:00,M1,Turbine,OP05,51.39,OK,
2026-03-03 20:00:00,M4,Compresseur,OP04,44.38,OK,
2026-03-03 20:30:00,M2,Aube,OP02,31.23,OK,
2026-03-03 21:00:00,M3,Turbine,OP02,55.62,OK,
2026-03-03 21:30:00,M3,Aube,OP02,35.82,OK,
2026-03-03 22:00:00,M4,Carter,OP08,32.51,OK,
2026-03-03 22:30:00,M5,Carter,OP01,38.94,OK,
2026-03-03 23:00:00,M5,Injecteur,OP01,33.68,OK,
2026-03-03 23:30:00,M2,Aube,OP08,33.49,OK,
2026-03-04 00:00:00,M5,Aube,OP08,35.6,OK,
2026-03-04 00:30:00,M1,Turbine,OP06,48.39,OK,
2026-03-04 01:00:00,M4,Injecteur,OP01,25.66,OK,
2026-03-04 01:30:00,M4,Injecteur,OP01,28.68,OK,
2026-03-04 02:00:00,M4,Compresseur,OP04,36.12,OK,
2026-03-04 02:30:00,M1,Turbine,OP05,48.55,OK,
2026-03-04 03:00:00,M4,Aube,OP02,34.88,OK,
2026-03-04 03:30:00,M3,Injecteur,OP01,31.71,OK,
2026-03-04 04:00:00,M1,Aube,OP02,31.03,OK,
2026-03-04 04:30:00,M3,Aube,OP08,32.7,OK,
2026-03-04 05:00:00,M5,Turbine,OP07,50.88,OK,
2026-03-04 05:30:00,M1,Carter,OP07,40.53,OK,
2026-03-04 06:00:00,M3,Compresseur,OP05,42.2,OK,
2026-03-04 06:30:00,M2,Aube,OP08,28.22,OK,
2026-03-04 07:00:00,M5,Aube,OP08,37.66,OK,
2026-03-04 07:30:00,M4,Turbine,OP07,45.69,NOK,Mesure
2026-03-04 08:00:00,M4,Aube,OP03,30.23,OK,
2026-03-04 08:30:00,M1,Aube,OP02,32.02,OK,
2026-03-04 09:00:00,M2,Aube,OP03,37.85,OK,
2026-03-04 09:30:00,M4,Compresseur,OP06,42.21,OK,
2026-03-04 10:00:00,M4,Carter,OP08,36.53,OK,
2026-03-04 10:30:00,M3,Turbine,OP02,50.46,OK,
2026-03-04 11:00:00,M1,Aube,OP03,29.91,NOK,Rayure
2026-03-04 11:30:00,M3,Aube,OP03,28.32,OK,
2026-03-04 12:00:00,M2,Turbine,OP03,55.48,OK,
2026-03-04 12:30:00,M5,Turbine,OP04,52.2,OK,
2026-03-04 13:00:00,M3,Compresseur,OP08,46.43,OK,
2026-03-04 13:30:00,M3,Injecteur,OP05,28.55,OK,
2026-03-04 14:00:00,M3,Aube,OP05,34.87,OK,
2026-03-04 14:30:00,M5,Carter,OP05,40.12,OK,
2026-03-04 15:00:00,M4,Carter,OP01,32.1,OK,
2026-03-04 15:30:00,M5,Aube,OP05,30.79,OK,
2026-03-04 16:00:00,M3,Turbine,OP04,47.94,OK,
2026-03-04 16:30:00,M2,Compresseur,OP01,39.6,OK,
2026-03-04 17:00:00,M5,Carter,OP03,39.48,OK,
2026-03-04 17:30:00,M2,Injecteur,OP06,31.76,OK,
2026-03-04 18:00:00,M2,Carter,OP08,40.79,OK,
2026-03-04 18:30:00,M4,Compresseur,OP03,39.52,OK,
2026-03-04 19:00:00,M4,Injecteur,OP06,30.37,OK,
2026-03-04 19:30:00,M3,Carter,OP07,40.51,OK,
2026-03-04 20:00:00,M1,Turbine,OP08,54.74,OK,
2026-03-04 20:30:00,M2,Compresseur,OP08,43.41,OK,
2026-03-04 21:00:00,M4,Compresseur,OP03,40.74,OK,
2026-03-04 21:30:00,M2,Injecteur,OP03,30.72,OK,
2026-03-04 22:00:00,M5,Aube,OP03,35.57,OK,
2026-03-04 22:30:00,M3,Compresseur,OP06,40.31,OK,
2026-03-04 23:00:00,M2,Carter,OP02,41.16,OK,
2026-03-04 23:30:00,M1,Aube,OP05,31.68,OK,
2026-03-05 00:00:00,M4,Compresseur,OP04,37.62,NOK,Assemblage
2026-03-05 00:30:00,M2,Injecteur,OP04,27.57,OK,
2026-03-05 01:00:00,M2,Injecteur,OP04,31.29,OK,
2026-03-05 01:30:00,M5,Compresseur,OP05,39.62,OK,
2026-03-05 02:00:00,M2,Injecteur,OP05,30.91,OK,
2026-03-05 02:30:00,M3,Turbine,OP06,49.71,NOK,Assemblage
2026-03-05 03:00:00,M4,Injecteur,OP02,27.91,OK,
2026-03-05 03:30:00,M1,Aube,OP04,28.82,OK,
2026-03-05 04:00:00,M5,Carter,OP08,37.06,OK,
2026-03-05 04:30:00,M4,Compresseur,OP08,39.45,OK,
2026-03-05 05:00:00,M1,Carter,OP03,39.06,OK,
2026-03-05 05:30:00,M3,Aube,OP05,34.9,OK,
2026-03-05 06:00:00,M1,Compresseur,OP04,35.7,OK,
2026-03-05 06:30:00,M4,Aube,OP02,33.49,OK,
2026-03-05 07:00:00,M3,Carter,OP03,37.77,OK,
2026-03-05 07:30:00,M4,Compresseur,OP06,37.07,OK,
2026-03-05 08:00:00,M5,Injecteur,OP06,28.11,OK,
2026-03-05 08:30:00,M4,Compresseur,OP05,37.48,OK,
2026-03-05 09:00:00,M5,Injecteur,OP04,31.31,OK,
2026-03-05 09:30:00,M5,Carter,OP02,40.15,OK,
2026-03-05 10:00:00,M4,Injecteur,OP01,24.82,OK,
2026-03-05 10:30:00,M3,Carter,OP06,36.41,OK,
2026-03-05 11:00:00,M2,Injecteur,OP07,34.67,OK,
2026-03-05 11:30:00,M5,Turbine,OP07,51.45,OK,
2026-03-05 12:00:00,M3,Carter,OP06,39.61,OK,
2026-03-05 12:30:00,M2,Injecteur,OP01,26.93,OK,
2026-03-05 13:00:00,M4,Aube,OP08,29.33,OK,
2026-03-05 13:30:00,M1,Carter,OP08,38.0,OK,
2026-03-05 14:00:00,M2,Aube,OP01,35.87,OK,
2026-03-05 14:30:00,M3,Carter,OP06,39.11,OK,
2026-03-05 15:00:00,M4,Turbine,OP03,44.81,OK,
2026-03-05 15:30:00,M3,Compresseur,OP07,45.99,OK,
2026-03-05 16:00:00,M1,Aube,OP02,34.37,OK,
2026-03-05 16:30:00,M4,Carter,OP02,33.21,OK,
2026-03-05 17:00:00,M2,Injecteur,OP08,33.6,OK,
2026-03-05 17:30:00,M2,Aube,OP07,28.03,OK,
2026-03-05 18:00:00,M3,Carter,OP04,38.15,OK,
2026-03-05 18:30:00,M5,Turbine,OP06,50.97,OK,
2026-03-05 19:00:00,M2,Turbine,OP02,51.62,OK,
2026-03-05 19:30:00,M1,Turbine,OP08,50.48,OK,
2026-03-05 20:00:00,M5,Aube,OP06,35.09,OK,
2026-03-05 20:30:00,M4,Carter,OP05,33.04,OK,
2026-03-05 21:00:00,M1,Carter,OP08,36.09,OK,
2026-03-05 21:30:00,M1,Injecteur,OP07,29.29,OK,
2026-03-05 22:00:00,M1,Aube,OP04,30.62,OK,
2026-03-05 22:30:00,M1,Carter,OP02,39.87,OK,
2026-03-05 23:00:00,M2,Aube,OP08,29.7,OK,
2026-03-05 23:30:00,M4,Aube,OP06,30.42,OK,
2026-03-06 00:00:00,M3,Compresseur,OP06,46.5,OK,
2026-03-06 00:30:00,M5,Turbine,OP06,51.86,OK,
2026-03-06 01:00:00,M3,Carter,OP07,42.03,OK,
2026-03-06 01:30:00,M3,Turbine,OP02,54.19,OK,
2026-03-06 02:00:00,M3,Compresseur,OP06,40.51,OK,
2026-03-06 02:30:00,M2,Turbine,OP03,56.92,OK,
2026-03-06 03:00:00,M1,Injecteur,OP01,25.99,OK,
2026-03-06 03:30:00,M2,Turbine,OP03,45.63,OK,
2026-03-06 04:00:00,M2,Aube,OP01,29.94,OK,
2026-03-06 04:30:00,M3,Aube,OP04,36.23,OK,
2026-03-06 05:00:00,M4,Turbine,OP06,46.42,OK,
2026-03-06 05:30:00,M4,Injecteur,OP07,24.72,OK,
2026-03-06 06:00:00,M5,Turbine,OP05,52.53,OK,
2026-03-06 06:30:00,M5,Compresseur,OP05,42.53,OK,
2026-03-06 07:00:00,M4,Injecteur,OP03,28.6,OK,
2026-03-06 07:30:00,M3,Compresseur,OP07,41.93,OK,
2026-03-06 08:00:00,M2,Aube,OP02,33.03,OK,
2026-03-06 08:30:00,M3,Turbine,OP03,51.47,NOK,Mesure
2026-03-06 09:00:00,M2,Aube,OP08,28.94,NOK,Tolérance
2026-03-06 09:30:00,M5,Injecteur,OP07,25.46,OK,
2026-03-06 10:00:00,M3,Compresseur,OP01,43.29,OK,
2026-03-06 10:30:00,M4,Injecteur,OP01,31.99,OK,
2026-03-06 11:00:00,M2,Carter,OP07,41.11,OK,
2026-03-06 11:30:00,M1,Injecteur,OP06,29.03,OK,
2026-03-06 12:00:00,M5,Injecteur,OP01,27.06,OK,
2026-03-06 12:30:00,M3,Compresseur,OP06,45.0,OK,
2026-03-06 13:00:00,M1,Injecteur,OP06,30.75,OK,
2026-03-06 13:30:00,M4,Aube,OP03,32.94,OK,
2026-03-06 14:00:00,M4,Compresseur,OP05,41.48,OK,
2026-03-06 14:30:00,M3,Injecteur,OP07,35.73,OK,
2026-03-06 15:00:00,M3,Compresseur,OP04,41.75,OK,
2026-03-06 15:30:00,M3,Compresseur,OP06,48.43,OK,
2026-03-06 16:00:00,M4,Aube,OP06,34.23,OK,
2026-03-06 16:30:00,M5,Carter,OP02,36.96,OK,
2026-03-06 17:00:00,M5,Turbine,OP05,49.01,OK,
2026-03-06 17:30:00,M5,Aube,OP03,33.53,OK,
2026-03-06 18:00:00,M1,Carter,OP07,35.8,OK,
2026-03-06 18:30:00,M4,Carter,OP03,43.74,OK,
2026-03-06 19:00:00,M5,Aube,OP01,33.94,OK,
2026-03-06 19:30:00,M5,Compresseur,OP03,42.96,OK,
2026-03-06 20:00:00,M3,Aube,OP02,30.93,OK,
2026-03-06 20:30:00,M2,Compresseur,OP01,40.96,OK,
2026-03-06 21:00:00,M4,Injecteur,OP02,27.84,OK,
2026-03-06 21:30:00,M3,Aube,OP04,36.17,OK,
2026-03-06 22:00:00,M4,Turbine,OP08,53.11,OK,
2026-03-06 22:30:00,M3,Compresseur,OP05,42.91,OK,
2026-03-06 23:00:00,M2,Carter,OP04,39.86,OK,
2026-03-06 23:30:00,M1,Carter,OP06,38.3,OK,
2026-03-07 00:00:00,M2,Injecteur,OP02,33.08,OK,
2026-03-07 00:30:00,M4,Aube,OP02,32.13,OK,
2026-03-07 01:00:00,M1,Aube,OP08,30.91,OK,
2026-03-07 01:30:00,M5,Turbine,OP03,47.17,OK,
2026-03-07 02:00:00,M1,Compresseur,OP03,40.44,OK,
2026-03-07 02:30:00,M5,Carter,OP02,39.07,OK,
2026-03-07 03:00:00,M5,Carter,OP03,34.77,OK,
2026-03-07 03:30:00,M5,Injecteur,OP03,26.77,OK,
2026-03-07 04:00:00,M5,Carter,OP01,37.81,NOK,Finition
2026-03-07 04:30:00,M2,Injecteur,OP07,29.9,OK,
2026-03-07 05:00:00,M5,Carter,OP05,32.47,OK,
2026-03-07 05:30:00,M1,Compresseur,OP03,41.54,OK,
2026-03-07 06:00:00,M2,Carter,OP03,36.79,OK,
2026-03-07 06:30:00,M4,Turbine,OP06,52.12,OK,
2026-03-07 07:00:00,M2,Aube,OP02,33.27,OK,
2026-03-07 07:30:00,M4,Injecteur,OP07,30.1,OK,
2026-03-07 08:00:00,M2,Carter,OP06,39.11,OK,
2026-03-07 08:30:00,M3,Aube,OP01,35.53,OK,
2026-03-07 09:00:00,M4,Turbine,OP04,47.23,OK,
2026-03-07 09:30:00,M4,Carter,OP01,35.56,OK,
2026-03-07 10:00:00,M3,Carter,OP07,37.11,OK,
2026-03-07 10:30:00,M5,Carter,OP02,39.61,OK,
2026-03-07 11:00:00,M5,Carter,OP02,38.37,OK,
2026-03-07 11:30:00,M5,Carter,OP03,38.41,OK,
2026-03-07 12:00:00,M5,Compresseur,OP01,45.8,OK,
2026-03-07 12:30:00,M2,Injecteur,OP03,31.57,OK,
2026-03-07 13:00:00,M2,Aube,OP05,30.73,OK,
2026-03-07 13:30:00,M5,Carter,OP08,35.65,OK,
2026-03-07 14:00:00,M1,Aube,OP05,33.3,OK,
2026-03-07 14:30:00,M4,Carter,OP04,31.69,OK,
2026-03-07 15:00:00,M2,Injecteur,OP07,33.03,NOK,Rayure
2026-03-07 15:30:00,M4,Carter,OP07,39.39,OK,
2026-03-07 16:00:00,M4,Injecteur,OP08,31.19,OK,
2026-03-07 16:30:00,M2,Injecteur,OP06,27.23,OK,
2026-03-07 17:00:00,M4,Carter,OP03,32.65,OK,
2026-03-07 17:30:00,M3,Injecteur,OP08,31.87,OK,
2026-03-07 18:00:00,M5,Carter,OP04,44.92,OK,
2026-03-07 18:30:00,M4,Carter,OP08,33.14,OK,
2026-03-07 19:00:00,M3,Carter,OP02,35.86,OK,
2026-03-07 19:30:00,M3,Turbine,OP05,49.44,NOK,Rayure
2026-03-07 20:00:00,M4,Carter,OP08,37.18,OK,
2026-03-07 20:30:00,M3,Turbine,OP02,56.12,OK,
2026-03-07 21:00:00,M2,Compresseur,OP04,41.9,OK,
2026-03-07 21:30:00,M1,Turbine,OP01,48.3,OK,
2026-03-07 22:00:00,M2,Aube,OP08,31.65,OK,
2026-03-07 22:30:00,M1,Compresseur,OP04,41.26,OK,
2026-03-07 23:00:00,M1,Turbine,OP07,50.29,OK,
2026-03-07 23:30:00,M4,Aube,OP03,29.83,OK,
2026-03-08 00:00:00,M3,Compresseur,OP01,41.86,OK,
2026-03-08 00:30:00,M4,Injecteur,OP08,31.63,OK,
2026-03-08 01:00:00,M5,Aube,OP05,32.98,OK,
2026-03-08 01:30:00,M3,Turbine,OP01,52.28,OK,
2026-03-08 02:00:00,M5,Turbine,OP03,46.44,OK,
2026-03-08 02:30:00,M3,Compresseur,OP07,40.43,OK,
2026-03-08 03:00:00,M2,Aube,OP06,33.8,OK,
2026-03-08 03:30:00,M3,Carter,OP05,38.87,OK,
2026-03-08 04:00:00,M3,Carter,OP04,40.3,OK,
2026-03-08 04:30:00,M5,Carter,OP02,38.03,OK,
2026-03-08 05:00:00,M3,Injecteur,OP04,31.29,OK,
2026-03-08 05:30:00,M5,Carter,OP07,38.97,OK,
2026-03-08 06:00:00,M5,Turbine,OP04,47.9,OK,
2026-03-08 06:30:00,M5,Carter,OP02,34.09,OK,
2026-03-08 07:00:00,M5,Injecteur,OP04,28.07,OK,
2026-03-08 07:30:00,M1,Turbine,OP08,48.3,OK,
2026-03-08 08:00:00,M1,Aube,OP03,28.92,NOK,Mesure
2026-03-08 08:30:00,M3,Compresseur,OP07,54.48,OK,
2026-03-08 09:00:00,M1,Compresseur,OP07,40.43,OK,
2026-03-08 09:30:00,M1,Aube,OP01,32.84,OK,
2026-03-08 10:00:00,M2,Aube,OP06,36.25,OK,
2026-03-08 10:30:00,M4,Compresseur,OP03,39.88,OK,
2026-03-08 11:00:00,M2,Injecteur,OP07,36.24,OK,
2026-03-08 11:30:00,M3,Aube,OP07,33.19,OK,
2026-03-08 12:00:00,M2,Aube,OP06,34.52,OK,
2026-03-08 12:30:00,M1,Aube,OP01,33.5,OK,
2026-03-08 13:00:00,M5,Compresseur,OP08,37.93,OK,
2026-03-08 13:30:00,M4,Aube,OP04,28.48,OK,
2026-03-08 14:00:00,M1,Turbine,OP05,49.62,OK,
2026-03-08 14:30:00,M3,Turbine,OP05,57.21,OK,
2026-03-08 15:00:00,M5,Turbine,OP07,49.19,OK,
2026-03-08 15:30:00,M2,Aube,OP08,34.44,NOK,Assemblage
2026-03-08 16:00:00,M4,Injecteur,OP06,27.05,OK,
2026-03-08 16:30:00,M5,Aube,OP04,29.79,OK,
2026-03-08 17:00:00,M2,Aube,OP01,26.72,OK,
2026-03-08 17:30:00,M2,Carter,OP04,35.7,OK,
2026-03-08 18:00:00,M4,Carter,OP02,30.87,OK,
2026-03-08 18:30:00,M5,Injecteur,OP01,28.33,OK,
2026-03-08 19:00:00,M5,Injecteur,OP04,23.9,OK,
2026-03-08 19:30:00,M1,Turbine,OP04,49.73,OK,
2026-03-08 20:00:00,M4,Turbine,OP04,46.35,OK,
2026-03-08 20:30:00,M4,Injecteur,OP06,29.25,OK,
2026-03-08 21:00:00,M4,Aube,OP02,32.46,OK,
2026-03-08 21:30:00,M2,Carter,OP06,34.26,OK,
2026-03-08 22:00:00,M2,Turbine,OP01,50.06,OK,
2026-03-08 22:30:00,M2,Turbine,OP06,57.03,OK,
2026-03-08 23:00:00,M2,Aube,OP06,33.26,OK,
2026-03-08 23:30:00,M4,Aube,OP03,36.19,OK,
2026-03-09 00:00:00,M2,Injecteur,OP08,32.87,OK,
2026-03-09 00:30:00,M5,Compresseur,OP02,46.88,OK,
2026-03-09 01:00:00,M1,Aube,OP03,47.17,OK,
2026-03-09 01:30:00,M3,Compresseur,OP08,41.3,OK,
2026-03-09 02:00:00,M5,Injecteur,OP07,32.93,OK,
2026-03-09 02:30:00,M1,Injecteur,OP07,29.26,OK,
2026-03-09 03:00:00,M1,Compresseur,OP03,41.22,OK,
2026-03-09 03:30:00,M4,Compresseur,OP06,43.89,OK,
2026-03-09 04:00:00,M2,Turbine,OP05,48.31,OK,
2026-03-09 04:30:00,M1,Compresseur,OP07,36.03,OK,
2026-03-09 05:00:00,M1,Compresseur,OP03,45.7,OK,
2026-03-09 05:30:00,M1,Injecteur,OP01,31.69,OK,
2026-03-09 06:00:00,M5,Aube,OP05,33.55,OK,
2026-03-09 06:30:00,M5,Compresseur,OP03,41.82,OK,
2026-03-09 07:00:00,M2,Injecteur,OP03,30.56,OK,
2026-03-09 07:30:00,M2,Injecteur,OP04,26.08,OK,
2026-03-09 08:00:00,M5,Carter,OP07,37.55,OK,
2026-03-09 08:30:00,M5,Carter,OP01,35.96,OK,
2026-03-09 09:00:00,M1,Carter,OP07,39.44,OK,
2026-03-09 09:30:00,M4,Aube,OP04,30.52,OK,
2026-03-09 10:00:00,M4,Turbine,OP07,51.34,OK,
2026-03-09 10:30:00,M1,Carter,OP03,38.99,OK,
2026-03-09 11:00:00,M2,Aube,OP06,32.71,OK,
2026-03-09 11:30:00,M3,Compresseur,OP03,43.94,OK,
2026-03-09 12:00:00,M5,Injecteur,OP07,30.47,OK,
2026-03-09 12:30:00,M3,Aube,OP01,34.73,OK,
2026-03-09 13:00:00,M1,Injecteur,OP04,27.46,OK,
2026-03-09 13:30:00,M3,Carter,OP08,38.25,OK,
2026-03-09 14:00:00,M3,Aube,OP05,32.89,OK,
2026-03-09 14:30:00,M4,Injecteur,OP04,28.11,OK,
2026-03-09 15:00:00,M1,Aube,OP06,33.49,OK,
2026-03-09 15:30:00,M4,Injecteur,OP03,25.7,OK,
2026-03-09 16:00:00,M2,Aube,OP06,34.74,OK,
2026-03-09 16:30:00,M4,Injecteur,OP04,30.54,OK,
2026-03-09 17:00:00,M4,Carter,OP02,37.7,OK,
2026-03-09 17:30:00,M5,Compresseur,OP08,40.73,OK,
2026-03-09 18:00:00,M3,Compresseur,OP07,42.29,OK,
2026-03-09 18:30:00,M2,Aube,OP07,32.14,OK,
2026-03-09 19:00:00,M4,Injecteur,OP07,21.8,OK,
2026-03-09 19:30:00,M1,Carter,OP02,35.64,OK,
2026-03-09 20:00:00,M3,Turbine,OP01,47.28,OK,
2026-03-09 20:30:00,M3,Aube,OP02,32.44,NOK,Assemblage
2026-03-09 21:00:00,M5,Injecteur,OP04,26.87,OK,
2026-03-09 21:30:00,M5,Turbine,OP06,50.43,OK,
2026-03-09 22:00:00,M3,Aube,OP02,38.96,OK,
2026-03-09 22:30:00,M4,Turbine,OP08,52.43,OK,
2026-03-09 23:00:00,M4,Carter,OP02,34.41,OK,
2026-03-09 23:30:00,M1,Turbine,OP04,53.85,OK,
2026-03-10 00:00:00,M3,Injecteur,OP07,32.96,OK,
2026-03-10 00:30:00,M4,Aube,OP01,30.48,OK,
2026-03-10 01:00:00,M4,Injecteur,OP07,24.65,OK,
2026-03-10 01:30:00,M1,Injecteur,OP02,31.81,OK,
2026-03-10 02:00:00,M3,Carter,OP04,36.89,OK,
2026-03-10 02:30:00,M3,Injecteur,OP07,31.58,OK,
2026-03-10 03:00:00,M3,Carter,OP08,35.2,OK,
2026-03-10 03:30:00,M5,Injecteur,OP02,26.05,OK,
2026-03-10 04:00:00,M2,Carter,OP02,40.26,OK,
2026-03-10 04:30:00,M2,Injecteur,OP07,34.43,OK,
2026-03-10 05:00:00,M5,Turbine,OP03,47.96,OK,
2026-03-10 05:30:00,M1,Carter,OP01,37.1,OK,
2026-03-10 06:00:00,M4,Injecteur,OP08,25.26,OK,
2026-03-10 06:30:00,M2,Compresseur,OP01,44.26,OK,
2026-03-10 07:00:00,M1,Carter,OP04,35.35,OK,
2026-03-10 07:30:00,M4,Injecteur,OP02,27.6,OK,
2026-03-10 08:00:00,M5,Carter,OP01,37.69,OK,
2026-03-10 08:30:00,M2,Carter,OP01,35.48,OK,
2026-03-10 09:00:00,M1,Aube,OP02,32.33,OK,
2026-03-10 09:30:00,M3,Injecteur,OP07,28.97,OK,
2026-03-10 10:00:00,M2,Turbine,OP01,47.38,OK,
2026-03-10 10:30:00,M3,Carter,OP05,37.53,OK,
2026-03-10 11:00:00,M1,Turbine,OP07,56.64,OK,
2026-03-10 11:30:00,M2,Turbine,OP03,46.22,OK,
2026-03-10 12:00:00,M4,Aube,OP03,29.04,OK,
2026-03-10 12:30:00,M1,Aube,OP05,30.96,OK,
2026-03-10 13:00:00,M4,Aube,OP06,26.09,OK,
2026-03-10 13:30:00,M4,Carter,OP02,33.22,OK,
2026-03-10 14:00:00,M4,Turbine,OP08,47.39,OK,
2026-03-10 14:30:00,M5,Aube,OP06,37.72,OK,
2026-03-10 15:00:00,M1,Compresseur,OP08,47.41,OK,
2026-03-10 15:30:00,M4,Turbine,OP03,48.66,OK,
2026-03-10 16:00:00,M3,Compresseur,OP06,42.99,OK,
2026-03-10 16:30:00,M4,Carter,OP04,38.7,OK,
2026-03-10 17:00:00,M1,Compresseur,OP04,39.52,OK,
2026-03-10 17:30:00,M1,Compresseur,OP06,41.22,OK,
2026-03-10 18:00:00,M4,Turbine,OP08,50.48,OK,
2026-03-10 18:30:00,M3,Carter,OP05,40.18,OK,
2026-03-10 19:00:00,M2,Turbine,OP02,50.14,OK,
2026-03-10 19:30:00,M2,Turbine,OP07,50.43,OK,
2026-03-10 20:00:00,M2,Compresseur,OP02,43.41,OK,
2026-03-10 20:30:00,M4,Carter,OP03,37.11,OK,
2026-03-10 21:00:00,M2,Injecteur,OP05,31.28,OK,
2026-03-10 21:30:00,M3,Turbine,OP04,46.78,OK,
2026-03-10 22:00:00,M1,Turbine,OP08,47.43,OK,
2026-03-10 22:30:00,M1,Carter,OP06,38.37,OK,
2026-03-10 23:00:00,M5,Aube,OP06,30.85,OK,
2026-03-10 23:30:00,M1,Compresseur,OP02,40.5,NOK,Tolérance
2026-03-11 00:00:00,M1,Aube,OP05,29.72,OK,
2026-03-11 00:30:00,M1,Injecteur,OP03,26.61,OK,
2026-03-11 01:00:00,M5,Turbine,OP03,46.79,OK,
2026-03-11 01:30:00,M1,Carter,OP07,36.37,OK,
2026-03-11 02:00:00,M1,Turbine,OP02,50.24,OK,
2026-03-11 02:30:00,M2,Compresseur,OP01,41.87,OK,
2026-03-11 03:00:00,M2,Aube,OP06,28.66,OK,
2026-03-11 03:30:00,M2,Carter,OP02,37.79,OK,
2026-03-11 04:00:00,M4,Carter,OP02,35.38,OK,
2026-03-11 04:30:00,M5,Carter,OP01,45.08,OK,
2026-03-11 05:00:00,M3,Turbine,OP05,51.87,OK,
2026-03-11 05:30:00,M5,Compresseur,OP01,35.63,OK,
2026-03-11 06:00:00,M1,Aube,OP06,30.82,OK,
2026-03-11 06:30:00,M5,Aube,OP04,33.57,OK,
2026-03-11 07:00:00,M3,Carter,OP02,37.73,OK,
2026-03-11 07:30:00,M2,Injecteur,OP01,29.89,OK,
2026-03-11 08:00:00,M4,Carter,OP05,34.34,NOK,Tolérance
2026-03-11 08:30:00,M3,Injecteur,OP04,34.14,OK,
2026-03-11 09:00:00,M4,Turbine,OP04,51.8,NOK,Finition
2026-03-11 09:30:00,M1,Carter,OP01,42.27,OK,
2026-03-11 10:00:00,M3,Compresseur,OP04,40.97,OK,
2026-03-11 10:30:00,M2,Carter,OP02,38.12,NOK,Tolérance
2026-03-11 11:00:00,M5,Aube,OP06,28.01,OK,
2026-03-11 11:30:00,M4,Compresseur,OP01,41.2,OK,
2026-03-11 12:00:00,M2,Carter,OP05,42.29,OK,
2026-03-11 12:30:00,M3,Carter,OP08,33.85,OK,
2026-03-11 13:00:00,M2,Turbine,OP02,51.44,OK,
2026-03-11 13:30:00,M5,Carter,OP04,38.89,OK,
2026-03-11 14:00:00,M1,Compresseur,OP03,41.84,OK,
2026-03-11 14:30:00,M2,Carter,OP03,36.27,OK,
2026-03-11 15:00:00,M3,Aube,OP01,33.04,OK,
2026-03-11 15:30:00,M4,Aube,OP04,29.05,OK,
2026-03-11 16:00:00,M2,Compresseur,OP01,47.02,OK,
2026-03-11 16:30:00,M4,Carter,OP02,37.84,OK,
2026-03-11 17:00:00,M1,Compresseur,OP02,42.3,OK,
2026-03-11 17:30:00,M3,Compresseur,OP01,46.82,OK,
2026-03-11 18:00:00,M5,Aube,OP07,29.75,OK,
2026-03-11 18:30:00,M2,Carter,OP05,38.57,OK,
2026-03-11 19:00:00,M5,Injecteur,OP04,27.52,OK,
2026-03-11 19:30:00,M1,Carter,OP07,34.37,OK,
2026-03-11 20:00:00,M5,Turbine,OP01,54.38,OK,
2026-03-11 20:30:00,M4,Carter,OP06,35.67,OK,
2026-03-11 21:00:00,M3,Injecteur,OP04,36.02,OK,
2026-03-11 21:30:00,M4,Injecteur,OP06,28.94,OK,
2026-03-11 22:00:00,M2,Compresseur,OP04,41.28,OK,
2026-03-11 22:30:00,M1,Turbine,OP07,47.16,OK,
2026-03-11 23:00:00,M2,Turbine,OP04,46.26,OK,
2026-03-11 23:30:00,M1,Carter,OP03,34.21,OK,
2026-03-12 00:00:00,M4,Injecteur,OP05,28.35,OK,
2026-03-12 00:30:00,M1,Injecteur,OP08,29.7,NOK,Finition
2026-03-12 01:00:00,M2,Carter,OP03,43.21,OK,
2026-03-12 01:30:00,M5,Turbine,OP02,46.86,OK,
2026-03-12 02:00:00,M1,Carter,OP07,34.83,OK,
2026-03-12 02:30:00,M4,Aube,OP06,29.69,OK,
2026-03-12 03:00:00,M5,Carter,OP04,34.9,OK,
2026-03-12 03:30:00,M3,Turbine,OP03,46.57,OK,
2026-03-12 04:00:00,M5,Aube,OP01,33.51,OK,
2026-03-12 04:30:00,M5,Compresseur,OP08,43.73,OK,
2026-03-12 05:00:00,M2,Carter,OP06,41.37,OK,
2026-03-12 05:30:00,M3,Aube,OP01,39.07,OK,
2026-03-12 06:00:00,M1,Carter,OP05,38.03,NOK,Mesure
2026-03-12 06:30:00,M2,Aube,OP08,29.15,OK,
2026-03-12 07:00:00,M4,Compresseur,OP08,40.89,OK,
2026-03-12 07:30:00,M4,Compresseur,OP01,36.43,OK,
2026-03-12 08:00:00,M1,Compresseur,OP06,42.31,OK,
2026-03-12 08:30:00,M1,Carter,OP08,39.38,OK,
2026-03-12 09:00:00,M2,Injecteur,OP07,31.21,OK,
2026-03-12 09:30:00,M5,Injecteur,OP05,30.58,OK,
2026-03-12 10:00:00,M1,Compresseur,OP07,36.18,OK,
2026-03-12 10:30:00,M4,Compresseur,OP05,37.66,OK,
2026-03-12 11:00:00,M4,Turbine,OP02,49.69,OK,
2026-03-12 11:30:00,M1,Carter,OP07,37.28,OK,
2026-03-12 12:00:00,M3,Compresseur,OP07,45.32,OK,
2026-03-12 12:30:00,M3,Aube,OP08,39.35,OK,
2026-03-12 13:00:00,M5,Compresseur,OP03,41.56,OK,
2026-03-12 13:30:00,M5,Aube,OP04,28.35,OK,
2026-03-12 14:00:00,M5,Aube,OP08,30.66,OK,
2026-03-12 14:30:00,M1,Injecteur,OP03,28.09,OK,
2026-03-12 15:00:00,M2,Turbine,OP04,51.02,OK,
2026-03-12 15:30:00,M4,Turbine,OP03,46.64,OK,
2026-03-12 16:00:00,M1,Compresseur,OP07,37.67,OK,
2026-03-12 16:30:00,M1,Injecteur,OP07,27.77,OK,
2026-03-12 17:00:00,M5,Injecteur,OP02,32.71,OK,
2026-03-12 17:30:00,M5,Carter,OP07,35.86,OK,
2026-03-12 18:00:00,M5,Injecteur,OP08,31.69,OK,
2026-03-12 18:30:00,M4,Compresseur,OP07,40.52,OK,
2026-03-12 19:00:00,M2,Compresseur,OP08,47.75,NOK,Assemblage
2026-03-12 19:30:00,M4,Compresseur,OP04,37.15,OK,
2026-03-12 20:00:00,M4,Carter,OP05,35.49,OK,
2026-03-12 20:30:00,M4,Aube,OP06,27.22,OK,
2026-03-12 21:00:00,M2,Compresseur,OP05,41.78,OK,
2026-03-12 21:30:00,M5,Compresseur,OP03,38.75,OK,
2026-03-12 22:00:00,M1,Turbine,OP01,42.97,OK,
2026-03-12 22:30:00,M4,Injecteur,OP07,29.69,OK,
2026-03-12 23:00:00,M1,Turbine,OP06,45.96,OK,
2026-03-12 23:30:00,M5,Carter,OP06,37.71,OK,
2026-03-13 00:00:00,M1,Carter,OP01,35.74,OK,
2026-03-13 00:30:00,M2,Turbine,OP04,51.59,OK,
2026-03-13 01:00:00,M1,Compresseur,OP08,56.45,OK,
2026-03-13 01:30:00,M3,Carter,OP07,36.87,OK,
2026-03-13 02:00:00,M4,Carter,OP04,31.88,OK,
2026-03-13 02:30:00,M1,Compresseur,OP06,41.87,OK,
2026-03-13 03:00:00,M3,Carter,OP02,36.48,OK,
2026-03-13 03:30:00,M3,Carter,OP05,39.29,OK,
2026-03-13 04:00:00,M2,Compresseur,OP07,40.24,OK,
2026-03-13 04:30:00,M3,Carter,OP07,35.42,OK,
2026-03-13 05:00:00,M5,Injecteur,OP04,27.05,OK,
2026-03-13 05:30:00,M4,Carter,OP05,39.69,OK,
2026-03-13 06:00:00,M5,Turbine,OP05,50.7,OK,
2026-03-13 06:30:00,M2,Carter,OP02,39.34,OK,
2026-03-13 07:00:00,M3,Aube,OP06,31.43,OK,
2026-03-13 07:30:00,M1,Injecteur,OP02,31.68,OK,
2026-03-13 08:00:00,M1,Aube,OP05,27.16,OK,
2026-03-13 08:30:00,M3,Aube,OP08,36.94,OK,
2026-03-13 09:00:00,M2,Compresseur,OP08,38.42,OK,
2026-03-13 09:30:00,M4,Carter,OP04,43.14,OK,
2026-03-13 10:00:00,M2,Aube,OP02,35.55,OK,
2026-03-13 10:30:00,M4,Aube,OP01,33.17,NOK,Tolérance
2026-03-13 11:00:00,M1,Carter,OP04,37.25,OK,
2026-03-13 11:30:00,M3,Carter,OP03,39.03,OK,
2026-03-13 12:00:00,M3,Turbine,OP02,52.05,OK,
2026-03-13 12:30:00,M5,Injecteur,OP06,27.39,OK,
2026-03-13 13:00:00,M2,Carter,OP08,37.35,OK,
2026-03-13 13:30:00,M4,Compresseur,OP04,41.4,OK,
2026-03-13 14:00:00,M2,Compresseur,OP03,45.66,OK,
2026-03-13 14:30:00,M3,Injecteur,OP01,34.08,OK,
2026-03-13 15:00:00,M1,Compresseur,OP01,39.93,OK,
2026-03-13 15:30:00,M4,Turbine,OP04,45.3,OK,
2026-03-13 16:00:00,M3,Aube,OP02,32.84,OK,
2026-03-13 16:30:00,M1,Injecteur,OP02,27.11,OK,
2026-03-13 17:00:00,M4,Turbine,OP04,48.92,OK,
2026-03-13 17:30:00,M4,Carter,OP03,30.8,NOK,Mesure
2026-03-13 18:00:00,M4,Carter,OP04,40.18,OK,
2026-03-13 18:30:00,M4,Turbine,OP02,48.07,OK,
2026-03-13 19:00:00,M1,Carter,OP04,29.58,OK,
2026-03-13 19:30:00,M2,Compresseur,OP05,44.57,OK,
2026-03-13 20:00:00,M4,Compresseur,OP02,43.5,NOK,Tolérance
2026-03-13 20:30:00,M2,Carter,OP06,33.76,OK,
2026-03-13 21:00:00,M3,Compresseur,OP06,43.71,OK,
2026-03-13 21:30:00,M3,Aube,OP08,32.37,OK,
2026-03-13 22:00:00,M2,Compresseur,OP03,42.18,OK,
2026-03-13 22:30:00,M4,Injecteur,OP08,27.08,OK,
2026-03-13 23:00:00,M2,Injecteur,OP07,31.2,OK,
2026-03-13 23:30:00,M2,Aube,OP08,29.71,OK,
2026-03-14 00:00:00,M1,Compresseur,OP05,40.75,OK,
2026-03-14 00:30:00,M5,Injecteur,OP04,29.13,OK,
2026-03-14 01:00:00,M3,Injecteur,OP02,26.89,OK,
2026-03-14 01:30:00,M4,Turbine,OP01,49.85,NOK,Tolérance
2026-03-14 02:00:00,M4,Aube,OP03,33.9,OK,
2026-03-14 02:30:00,M1,Injecteur,OP04,30.48,OK,
2026-03-14 03:00:00,M2,Compresseur,OP08,39.07,OK,
2026-03-14 03:30:00,M3,Compresseur,OP08,44.25,OK,
2026-03-14 04:00:00,M4,Aube,OP01,30.95,OK,
2026-03-14 04:30:00,M5,Carter,OP04,37.48,OK,
2026-03-14 05:00:00,M3,Carter,OP01,41.19,OK,
2026-03-14 05:30:00,M5,Aube,OP06,27.57,OK,
2026-03-14 06:00:00,M2,Compresseur,OP06,40.07,OK,
2026-03-14 06:30:00,M3,Compresseur,OP01,46.13,OK,
2026-03-14 07:00:00,M4,Compresseur,OP05,38.62,OK,
2026-03-14 07:30:00,M4,Turbine,OP06,46.84,OK,
2026-03-14 08:00:00,M5,Compresseur,OP08,37.9,OK,
2026-03-14 08:30:00,M1,Injecteur,OP01,29.99,OK,
2026-03-14 09:00:00,M5,Aube,OP03,31.88,OK,
2026-03-14 09:30:00,M5,Injecteur,OP06,27.88,OK,
2026-03-14 10:00:00,M5,Turbine,OP05,47.44,OK,
2026-03-14 10:30:00,M2,Aube,OP05,35.04,OK,
2026-03-14 11:00:00,M3,Injecteur,OP04,32.19,OK,
2026-03-14 11:30:00,M2,Turbine,OP06,54.23,OK,
2026-03-14 12:00:00,M5,Aube,OP07,29.78,OK,
2026-03-14 12:30:00,M4,Compresseur,OP02,34.73,NOK,Tolérance
2026-03-14 13:00:00,M1,Turbine,OP05,49.0,OK,
2026-03-14 13:30:00,M1,Carter,OP04,35.34,OK,
2026-03-14 14:00:00,M4,Compresseur,OP04,39.83,OK,
2026-03-14 14:30:00,M3,Compresseur,OP07,39.41,OK,
2026-03-14 15:00:00,M3,Injecteur,OP01,33.12,OK,
2026-03-14 15:30:00,M4,Turbine,OP06,48.17,OK,
2026-03-14 16:00:00,M5,Turbine,OP04,49.02,OK,
2026-03-14 16:30:00,M2,Injecteur,OP02,32.18,OK,
2026-03-14 17:00:00,M5,Carter,OP03,40.38,NOK,Mesure
2026-03-14 17:30:00,M2,Compresseur,OP03,47.09,OK,
2026-03-14 18:00:00,M5,Carter,OP08,38.38,OK,
2026-03-14 18:30:00,M5,Turbine,OP03,46.07,OK,
2026-03-14 19:00:00,M2,Aube,OP07,35.16,OK,
2026-03-14 19:30:00,M3,Carter,OP04,40.08,OK,
2026-03-14 20:00:00,M4,Injecteur,OP01,29.94,OK,
2026-03-14 20:30:00,M5,Turbine,OP01,51.2,OK,
2026-03-14 21:00:00,M1,Aube,OP05,29.79,OK,
2026-03-14 21:30:00,M3,Injecteur,OP08,30.43,OK,
2026-03-14 22:00:00,M2,Carter,OP02,40.11,OK,
2026-03-14 22:30:00,M1,Compresseur,OP04,40.46,OK,
2026-03-14 23:00:00,M4,Compresseur,OP04,35.76,OK,
2026-03-14 23:30:00,M1,Turbine,OP01,47.98,OK,
2026-03-15 00:00:00,M1,Compresseur,OP01,41.93,OK,
2026-03-15 00:30:00,M3,Aube,OP07,35.92,OK,
2026-03-15 01:00:00,M3,Compresseur,OP07,41.39,OK,
2026-03-15 01:30:00,M5,Compresseur,OP02,38.43,OK,
2026-03-15 02:00:00,M3,Carter,OP02,37.74,OK,
2026-03-15 02:30:00,M1,Aube,OP03,38.28,OK,
2026-03-15 03:00:00,M4,Injecteur,OP05,29.51,OK,
2026-03-15 03:30:00,M3,Compresseur,OP03,57.38,OK,
2026-03-15 04:00:00,M5,Injecteur,OP02,27.93,OK,
2026-03-15 04:30:00,M4,Injecteur,OP03,32.38,OK,
2026-03-15 05:00:00,M3,Turbine,OP02,53.1,OK,
2026-03-15 05:30:00,M5,Aube,OP02,37.06,OK,
2026-03-15 06:00:00,M1,Turbine,OP08,51.51,OK,
2026-03-15 06:30:00,M3,Injecteur,OP02,30.21,OK,
2026-03-15 07:00:00,M4,Carter,OP05,35.44,OK,
2026-03-15 07:30:00,M4,Turbine,OP01,46.49,OK,
2026-03-15 08:00:00,M4,Carter,OP06,39.02,OK,
2026-03-15 08:30:00,M3,Carter,OP08,42.4,OK,
2026-03-15 09:00:00,M5,Compresseur,OP05,42.47,OK,
2026-03-15 09:30:00,M1,Compresseur,OP01,39.81,OK,
2026-03-15 10:00:00,M5,Injecteur,OP07,29.73,NOK,Assemblage
2026-03-15 10:30:00,M5,Aube,OP03,30.58,OK,
2026-03-15 11:00:00,M5,Carter,OP03,34.24,OK,
2026-03-15 11:30:00,M2,Injecteur,OP03,31.24,OK,
2026-03-15 12:00:00,M2,Turbine,OP03,50.22,OK,
2026-03-15 12:30:00,M4,Turbine,OP02,44.79,OK,
2026-03-15 13:00:00,M2,Injecteur,OP06,25.72,OK,
2026-03-15 13:30:00,M3,Compresseur,OP05,47.05,OK,
2026-03-15 14:00:00,M5,Injecteur,OP03,27.55,OK,
2026-03-15 14:30:00,M1,Injecteur,OP05,30.91,OK,
2026-03-15 15:00:00,M5,Aube,OP06,33.56,OK,
2026-03-15 15:30:00,M1,Injecteur,OP03,26.65,OK,
2026-03-15 16:00:00,M5,Carter,OP04,38.46,OK,
2026-03-15 16:30:00,M2,Aube,OP06,34.83,OK,
2026-03-15 17:00:00,M4,Aube,OP04,27.6,OK,
2026-03-15 17:30:00,M2,Injecteur,OP03,28.32,OK,
2026-03-15 18:00:00,M5,Turbine,OP01,52.68,OK,
2026-03-15 18:30:00,M5,Compresseur,OP05,46.98,OK,
2026-03-15 19:00:00,M5,Aube,OP08,35.02,OK,
2026-03-15 19:30:00,M2,Injecteur,OP05,35.13,OK,
2026-03-15 20:00:00,M4,Injecteur,OP02,28.35,OK,
2026-03-15 20:30:00,M5,Aube,OP03,35.24,OK,
2026-03-15 21:00:00,M5,Injecteur,OP01,31.98,OK,
2026-03-15 21:30:00,M2,Injecteur,OP01,28.1,OK,
2026-03-15 22:00:00,M4,Injecteur,OP07,27.43,OK,
2026-03-15 22:30:00,M4,Aube,OP06,31.61,OK,
2026-03-15 23:00:00,M5,Compresseur,OP07,43.63,OK,
2026-03-15 23:30:00,M3,Injecteur,OP07,49.33,OK,
2026-03-16 00:00:00,M1,Injecteur,OP02,26.31,OK,
2026-03-16 00:30:00,M4,Carter,OP02,35.66,OK,
2026-03-16 01:00:00,M3,Carter,OP07,35.46,OK,
2026-03-16 01:30:00,M2,Aube,OP08,31.98,OK,
2026-03-16 02:00:00,M4,Carter,OP05,31.73,OK,
2026-03-16 02:30:00,M1,Turbine,OP08,46.74,OK,
2026-03-16 03:00:00,M1,Turbine,OP07,50.13,OK,
2026-03-16 03:30:00,M1,Turbine,OP07,54.83,OK,
2026-03-16 04:00:00,M2,Aube,OP07,35.36,OK,
2026-03-16 04:30:00,M4,Aube,OP05,32.15,OK,
2026-03-16 05:00:00,M2,Aube,OP08,38.95,OK,
2026-03-16 05:30:00,M2,Compresseur,OP04,42.87,OK,
2026-03-16 06:00:00,M3,Turbine,OP01,52.18,OK,
2026-03-16 06:30:00,M4,Aube,OP04,30.82,OK,
2026-03-16 07:00:00,M1,Compresseur,OP05,40.46,OK,
2026-03-16 07:30:00,M3,Turbine,OP04,47.46,OK,
2026-03-16 08:00:00,M1,Carter,OP03,35.89,OK,
2026-03-16 08:30:00,M1,Injecteur,OP05,29.73,OK,
2026-03-16 09:00:00,M5,Carter,OP08,41.02,OK,
2026-03-16 09:30:00,M4,Aube,OP01,30.24,OK,
2026-03-16 10:00:00,M4,Turbine,OP04,48.9,OK,
2026-03-16 10:30:00,M3,Turbine,OP05,48.25,OK,
2026-03-16 11:00:00,M3,Compresseur,OP03,40.41,OK,
2026-03-16 11:30:00,M2,Aube,OP04,33.88,OK,
2026-03-16 12:00:00,M3,Turbine,OP04,51.62,OK,
2026-03-16 12:30:00,M1,Compresseur,OP02,43.03,OK,
2026-03-16 13:00:00,M5,Compresseur,OP01,43.06,OK,
2026-03-16 13:30:00,M5,Carter,OP08,35.3,OK,
2026-03-16 14:00:00,M5,Carter,OP07,38.14,OK,
2026-03-16 14:30:00,M4,Injecteur,OP01,31.61,OK,
2026-03-16 15:00:00,M2,Aube,OP02,32.51,OK,
2026-03-16 15:30:00,M2,Aube,OP02,30.55,OK,
2026-03-16 16:00:00,M3,Turbine,OP05,51.26,OK,
2026-03-16 16:30:00,M4,Aube,OP04,34.15,OK,
2026-03-16 17:00:00,M3,Aube,OP05,30.53,OK,
2026-03-16 17:30:00,M1,Carter,OP04,38.11,OK,
2026-03-16 18:00:00,M2,Turbine,OP03,50.11,OK,
2026-03-16 18:30:00,M5,Injecteur,OP06,29.57,OK,
2026-03-16 19:00:00,M5,Injecteur,OP01,26.06,OK,
2026-03-16 19:30:00,M4,Compresseur,OP08,42.56,OK,
2026-03-16 20:00:00,M3,Injecteur,OP05,29.39,OK,
2026-03-16 20:30:00,M5,Turbine,OP03,51.89,OK,
2026-03-16 21:00:00,M3,Injecteur,OP08,31.47,OK,
2026-03-16 21:30:00,M4,Turbine,OP03,44.99,OK,
2026-03-16 22:00:00,M4,Injecteur,OP07,28.63,OK,
2026-03-16 22:30:00,M3,Carter,OP05,38.12,OK,
2026-03-16 23:00:00,M4,Carter,OP08,34.47,NOK,Tolérance
2026-03-16 23:30:00,M1,Turbine,OP03,49.92,OK,
2026-03-17 00:00:00,M4,Injecteur,OP01,30.78,OK,
2026-03-17 00:30:00,M3,Injecteur,OP03,31.46,OK,
2026-03-17 01:00:00,M4,Carter,OP04,36.04,OK,
2026-03-17 01:30:00,M2,Compresseur,OP01,44.79,OK,
2026-03-17 02:00:00,M3,Aube,OP08,37.45,OK,
2026-03-17 02:30:00,M5,Turbine,OP08,48.95,OK,
2026-03-17 03:00:00,M5,Aube,OP05,35.2,OK,
2026-03-17 03:30:00,M3,Carter,OP07,37.26,OK,
2026-03-17 04:00:00,M1,Injecteur,OP03,27.25,NOK,Mesure
2026-03-17 04:30:00,M4,Carter,OP01,38.62,OK,
2026-03-17 05:00:00,M5,Turbine,OP01,47.77,OK,
2026-03-17 05:30:00,M2,Turbine,OP07,49.96,OK,
2026-03-17 06:00:00,M1,Aube,OP04,27.0,OK,
2026-03-17 06:30:00,M3,Carter,OP05,38.48,OK,
2026-03-17 07:00:00,M2,Turbine,OP05,52.87,OK,
2026-03-17 07:30:00,M4,Turbine,OP06,49.97,NOK,Rayure
2026-03-17 08:00:00,M1,Turbine,OP02,59.43,OK,
2026-03-17 08:30:00,M1,Aube,OP04,33.42,OK,
2026-03-17 09:00:00,M4,Carter,OP08,35.77,OK,
2026-03-17 09:30:00,M2,Compresseur,OP05,41.83,OK,
2026-03-17 10:00:00,M4,Turbine,OP04,49.68,OK,
2026-03-17 10:30:00,M2,Aube,OP08,32.21,OK,
2026-03-17 11:00:00,M2,Aube,OP02,25.63,OK,
2026-03-17 11:30:00,M3,Carter,OP03,37.95,OK,
2026-03-17 12:00:00,M5,Injecteur,OP02,29.42,OK,
2026-03-17 12:30:00,M2,Compresseur,OP04,46.49,OK,
2026-03-17 13:00:00,M2,Carter,OP02,36.84,OK,
2026-03-17 13:30:00,M4,Injecteur,OP03,29.27,OK,
2026-03-17 14:00:00,M2,Aube,OP02,32.5,OK,
2026-03-17 14:30:00,M1,Compresseur,OP06,38.66,OK,
2026-03-17 15:00:00,M1,Turbine,OP08,49.86,OK,
2026-03-17 15:30:00,M4,Turbine,OP01,55.87,OK,
2026-03-17 16:00:00,M2,Carter,OP01,35.51,OK,
2026-03-17 16:30:00,M2,Injecteur,OP03,30.78,OK,
2026-03-17 17:00:00,M4,Carter,OP03,37.48,OK,
2026-03-17 17:30:00,M3,Aube,OP01,34.68,OK,
2026-03-17 18:00:00,M2,Compresseur,OP06,42.84,OK,
2026-03-17 18:30:00,M5,Aube,OP04,30.46,OK,
2026-03-17 19:00:00,M5,Turbine,OP05,47.73,OK,
2026-03-17 19:30:00,M1,Compresseur,OP03,44.6,OK,
2026-03-17 20:00:00,M1,Aube,OP04,34.96,OK,
2026-03-17 20:30:00,M5,Injecteur,OP05,31.62,OK,
2026-03-17 21:00:00,M1,Compresseur,OP04,37.41,OK,
2026-03-17 21:30:00,M1,Carter,OP07,31.66,OK,
2026-03-17 22:00:00,M1,Injecteur,OP05,24.52,OK,
2026-03-17 22:30:00,M2,Injecteur,OP02,29.67,OK,
2026-03-17 23:00:00,M4,Turbine,OP04,45.91,OK,
2026-03-17 23:30:00,M5,Aube,OP02,32.15,OK,
2026-03-18 00:00:00,M4,Aube,OP02,31.88,OK,
2026-03-18 00:30:00,M2,Injecteur,OP08,32.03,OK,
2026-03-18 01:00:00,M5,Carter,OP06,34.12,OK,
2026-03-18 01:30:00,M2,Injecteur,OP04,32.58,OK,
2026-03-18 02:00:00,M3,Carter,OP08,36.34,OK,
2026-03-18 02:30:00,M5,Compresseur,OP03,42.41,OK,
2026-03-18 03:00:00,M3,Turbine,OP04,51.36,OK,
2026-03-18 03:30:00,M3,Injecteur,OP03,30.54,OK,
2026-03-18 04:00:00,M2,Turbine,OP05,48.02,OK,
2026-03-18 04:30:00,M1,Injecteur,OP07,31.74,OK,
2026-03-18 05:00:00,M1,Carter,OP08,39.44,OK,
2026-03-18 05:30:00,M1,Injecteur,OP05,33.63,NOK,Finition
2026-03-18 06:00:00,M1,Carter,OP06,39.18,OK,
2026-03-18 06:30:00,M2,Injecteur,OP01,28.45,OK,
2026-03-18 07:00:00,M1,Carter,OP01,35.48,OK,
2026-03-18 07:30:00,M2,Compresseur,OP07,45.78,OK,
2026-03-18 08:00:00,M5,Injecteur,OP02,29.9,OK,
2026-03-18 08:30:00,M1,Aube,OP01,34.28,OK,
2026-03-18 09:00:00,M4,Injecteur,OP07,28.22,OK,
2026-03-18 09:30:00,M4,Aube,OP04,29.54,OK,
2026-03-18 10:00:00,M5,Turbine,OP04,53.87,OK,
2026-03-18 10:30:00,M1,Compresseur,OP07,43.11,OK,
2026-03-18 11:00:00,M3,Carter,OP01,39.21,OK,
2026-03-18 11:30:00,M4,Injecteur,OP03,26.31,OK,
2026-03-18 12:00:00,M2,Turbine,OP06,53.02,OK,
2026-03-18 12:30:00,M2,Injecteur,OP03,34.26,OK,
2026-03-18 13:00:00,M1,Carter,OP02,35.93,OK,
2026-03-18 13:30:00,M2,Turbine,OP05,53.47,OK,
2026-03-18 14:00:00,M2,Compresseur,OP07,38.92,NOK,Tolérance
2026-03-18 14:30:00,M2,Injecteur,OP05,28.44,OK,
2026-03-18 15:00:00,M1,Compresseur,OP07,38.8,OK,
2026-03-18 15:30:00,M1,Compresseur,OP05,37.51,OK,
2026-03-18 16:00:00,M2,Aube,OP02,36.15,OK,
2026-03-18 16:30:00,M2,Injecteur,OP08,28.67,OK,
2026-03-18 17:00:00,M1,Turbine,OP05,47.6,OK,
2026-03-18 17:30:00,M3,Carter,OP05,41.42,OK,
2026-03-18 18:00:00,M5,Carter,OP01,33.45,OK,
2026-03-18 18:30:00,M1,Injecteur,OP05,24.91,OK,
2026-03-18 19:00:00,M4,Turbine,OP02,47.57,OK,
2026-03-18 19:30:00,M2,Aube,OP04,30.13,OK,
2026-03-18 20:00:00,M3,Injecteur,OP06,29.59,OK,
2026-03-18 20:30:00,M2,Turbine,OP05,50.97,OK,
2026-03-18 21:00:00,M2,Aube,OP03,31.49,OK,
2026-03-18 21:30:00,M5,Compresseur,OP03,38.5,OK,
2026-03-18 22:00:00,M1,Carter,OP07,39.31,OK,
2026-03-18 22:30:00,M3,Turbine,OP04,50.43,OK,
2026-03-18 23:00:00,M5,Injecteur,OP05,26.46,OK,
2026-03-18 23:30:00,M1,Carter,OP02,34.63,OK,
2026-03-19 00:00:00,M5,Injecteur,OP08,28.86,OK,
2026-03-19 00:30:00,M2,Turbine,OP04,47.87,OK,
2026-03-19 01:00:00,M1,Carter,OP07,37.72,OK,
2026-03-19 01:30:00,M2,Aube,OP08,37.62,OK,
2026-03-19 02:00:00,M2,Aube,OP07,34.13,OK,
2026-03-19 02:30:00,M4,Injecteur,OP01,24.22,OK,
2026-03-19 03:00:00,M1,Turbine,OP07,49.79,OK,
2026-03-19 03:30:00,M1,Turbine,OP05,48.92,OK,
2026-03-19 04:00:00,M3,Aube,OP03,30.59,NOK,Finition
2026-03-19 04:30:00,M4,Aube,OP02,32.81,OK,
2026-03-19 05:00:00,M5,Injecteur,OP03,27.56,NOK,Mesure
2026-03-19 05:30:00,M2,Aube,OP02,35.04,OK,
2026-03-19 06:00:00,M2,Compresseur,OP02,44.81,OK,
2026-03-19 06:30:00,M4,Injecteur,OP03,30.01,OK,
2026-03-19 07:00:00,M2,Carter,OP03,39.32,OK,
2026-03-19 07:30:00,M3,Carter,OP08,40.33,OK,
2026-03-19 08:00:00,M2,Turbine,OP01,48.96,OK,
2026-03-19 08:30:00,M5,Compresseur,OP08,40.01,OK,
2026-03-19 09:00:00,M4,Aube,OP07,27.45,NOK,Finition
2026-03-19 09:30:00,M5,Turbine,OP01,50.86,OK,
2026-03-19 10:00:00,M3,Compresseur,OP03,45.52,OK,
2026-03-19 10:30:00,M1,Compresseur,OP02,37.7,OK,
2026-03-19 11:00:00,M3,Injecteur,OP03,35.55,OK,
2026-03-19 11:30:00,M3,Carter,OP06,38.02,OK,
2026-03-19 12:00:00,M4,Injecteur,OP02,27.6,OK,
2026-03-19 12:30:00,M5,Aube,OP04,33.95,OK,
2026-03-19 13:00:00,M1,Injecteur,OP02,24.75,OK,
2026-03-19 13:30:00,M3,Aube,OP06,34.44,OK,
2026-03-19 14:00:00,M5,Carter,OP03,35.03,OK,
2026-03-19 14:30:00,M2,Injecteur,OP04,28.34,OK,
2026-03-19 15:00:00,M1,Compresseur,OP01,36.12,OK,
2026-03-19 15:30:00,M5,Aube,OP07,33.59,NOK,Assemblage
2026-03-19 16:00:00,M2,Compresseur,OP04,41.71,OK,
2026-03-19 16:30:00,M5,Carter,OP01,35.51,OK,
2026-03-19 17:00:00,M4,Injecteur,OP01,28.91,OK,
2026-03-19 17:30:00,M4,Aube,OP01,29.4,OK,
2026-03-19 18:00:00,M4,Injecteur,OP06,23.01,OK,
2026-03-19 18:30:00,M5,Carter,OP06,38.7,OK,
2026-03-19 19:00:00,M5,Carter,OP06,38.96,OK,
2026-03-19 19:30:00,M4,Injecteur,OP03,28.64,OK,
2026-03-19 20:00:00,M5,Compresseur,OP05,40.83,NOK,Mesure
2026-03-19 20:30:00,M2,Carter,OP08,36.16,OK,
2026-03-19 21:00:00,M5,Carter,OP03,41.24,OK,
2026-03-19 21:30:00,M4,Injecteur,OP01,31.18,OK,
2026-03-19 22:00:00,M2,Turbine,OP06,54.53,OK,
2026-03-19 22:30:00,M2,Compresseur,OP03,40.4,OK,
2026-03-19 23:00:00,M4,Injecteur,OP02,34.5,OK,
2026-03-19 23:30:00,M1,Carter,OP08,37.17,OK,
2026-03-20 00:00:00,M3,Compresseur,OP05,41.76,OK,
2026-03-20 00:30:00,M5,Carter,OP08,36.03,OK,
2026-03-20 01:00:00,M2,Carter,OP02,42.39,OK,
2026-03-20 01:30:00,M3,Injecteur,OP06,31.37,OK,
2026-03-20 02:00:00,M3,Injecteur,OP04,32.15,OK,
2026-03-20 02:30:00,M1,Turbine,OP01,51.13,OK,
2026-03-20 03:00:00,M1,Aube,OP01,34.39,OK,
2026-03-20 03:30:00,M4,Injecteur,OP06,29.44,OK,
2026-03-20 04:00:00,M5,Compresseur,OP08,40.37,OK,
2026-03-20 04:30:00,M1,Aube,OP05,31.49,OK,
2026-03-20 05:00:00,M4,Aube,OP04,32.48,OK,
2026-03-20 05:30:00,M3,Aube,OP03,33.49,OK,
2026-03-20 06:00:00,M3,Aube,OP08,37.12,OK,
2026-03-20 06:30:00,M2,Carter,OP06,39.1,OK,
2026-03-20 07:00:00,M1,Aube,OP02,30.14,OK,
2026-03-20 07:30:00,M4,Injecteur,OP07,31.6,OK,
2026-03-20 08:00:00,M2,Aube,OP07,35.25,OK,
2026-03-20 08:30:00,M4,Injecteur,OP06,28.77,OK,
2026-03-20 09:00:00,M1,Injecteur,OP08,31.84,OK,
2026-03-20 09:30:00,M4,Turbine,OP05,50.48,OK,
2026-03-20 10:00:00,M1,Injecteur,OP07,27.12,OK,
2026-03-20 10:30:00,M2,Injecteur,OP01,34.06,OK,
2026-03-20 11:00:00,M4,Injecteur,OP05,25.17,OK,
2026-03-20 11:30:00,M3,Carter,OP05,41.34,OK,
2026-03-20 12:00:00,M3,Compresseur,OP01,40.44,OK,
2026-03-20 12:30:00,M1,Carter,OP01,34.84,NOK,Finition
2026-03-20 13:00:00,M3,Compresseur,OP05,44.36,OK,
2026-03-20 13:30:00,M3,Aube,OP07,32.47,OK,
2026-03-20 14:00:00,M2,Aube,OP03,34.54,OK,
2026-03-20 14:30:00,M2,Carter,OP03,41.05,OK,
2026-03-20 15:00:00,M1,Turbine,OP08,44.84,OK,
2026-03-20 15:30:00,M4,Aube,OP07,24.63,OK,
2026-03-20 16:00:00,M4,Injecteur,OP08,40.49,OK,
2026-03-20 16:30:00,M2,Injecteur,OP05,31.83,OK,
2026-03-20 17:00:00,M3,Compresseur,OP01,39.02,OK,
2026-03-20 17:30:00,M1,Turbine,OP05,47.18,OK,
2026-03-20 18:00:00,M5,Compresseur,OP04,36.96,OK,
2026-03-20 18:30:00,M5,Injecteur,OP05,30.29,OK,
2026-03-20 19:00:00,M5,Compresseur,OP08,35.66,OK,
2026-03-20 19:30:00,M3,Carter,OP05,40.73,OK,
2026-03-20 20:00:00,M5,Carter,OP05,40.44,OK,
2026-03-20 20:30:00,M3,Injecteur,OP01,32.19,OK,
2026-03-20 21:00:00,M5,Compresseur,OP05,41.45,OK,
2026-03-20 21:30:00,M1,Injecteur,OP03,32.87,OK,
2026-03-20 22:00:00,M4,Carter,OP03,35.69,OK,
2026-03-20 22:30:00,M1,Carter,OP02,41.34,OK,
2026-03-20 23:00:00,M2,Aube,OP07,33.76,OK,
2026-03-20 23:30:00,M2,Injecteur,OP06,28.45,NOK,Assemblage
2026-03-21 00:00:00,M1,Compresseur,OP03,37.9,OK,
2026-03-21 00:30:00,M5,Turbine,OP07,50.21,OK,
2026-03-21 01:00:00,M3,Turbine,OP07,57.39,OK,
2026-03-21 01:30:00,M5,Compresseur,OP02,41.98,OK,
2026-03-21 02:00:00,M4,Injecteur,OP05,26.88,OK,
2026-03-21 02:30:00,M4,Aube,OP04,32.9,OK,
2026-03-21 03:00:00,M2,Injecteur,OP06,26.62,OK,
2026-03-21 03:30:00,M1,Compresseur,OP01,33.05,OK,
2026-03-21 04:00:00,M4,Carter,OP04,35.67,NOK,Finition
2026-03-21 04:30:00,M5,Turbine,OP02,47.39,OK,
2026-03-21 05:00:00,M5,Turbine,OP07,46.17,OK,
2026-03-21 05:30:00,M1,Turbine,OP05,44.0,OK,
2026-03-21 06:00:00,M1,Aube,OP05,32.52,OK,
2026-03-21 06:30:00,M3,Turbine,OP02,46.73,OK,
2026-03-21 07:00:00,M4,Carter,OP01,35.73,OK,
2026-03-21 07:30:00,M2,Injecteur,OP07,35.62,OK,
2026-03-21 08:00:00,M2,Injecteur,OP07,31.29,OK,
2026-03-21 08:30:00,M1,Compresseur,OP02,44.94,OK,
2026-03-21 09:00:00,M4,Compresseur,OP08,42.38,OK,
2026-03-21 09:30:00,M3,Turbine,OP06,54.22,OK,
2026-03-21 10:00:00,M5,Aube,OP08,27.53,OK,
2026-03-21 10:30:00,M5,Turbine,OP01,51.61,OK,
2026-03-21 11:00:00,M4,Compresseur,OP06,38.81,OK,
2026-03-21 11:30:00,M1,Carter,OP06,39.06,OK,
2026-03-21 12:00:00,M3,Turbine,OP03,44.09,OK,
2026-03-21 12:30:00,M4,Compresseur,OP06,37.54,OK,
2026-03-21 13:00:00,M4,Turbine,OP03,48.62,OK,
2026-03-21 13:30:00,M4,Compresseur,OP05,40.14,OK,
2026-03-21 14:00:00,M4,Compresseur,OP01,38.65,OK,
2026-03-21 14:30:00,M2,Injecteur,OP08,32.65,OK,
2026-03-21 15:00:00,M5,Turbine,OP04,50.18,OK,
2026-03-21 15:30:00,M4,Injecteur,OP01,27.65,OK,
2026-03-21 16:00:00,M1,Turbine,OP01,53.29,OK,
2026-03-21 16:30:00,M5,Compresseur,OP02,38.57,OK,
2026-03-21 17:00:00,M5,Turbine,OP02,50.49,OK,
2026-03-21 17:30:00,M4,Carter,OP02,33.22,OK,
2026-03-21 18:00:00,M2,Carter,OP04,38.84,OK,
2026-03-21 18:30:00,M2,Aube,OP03,29.76,OK,
2026-03-21 19:00:00,M4,Turbine,OP01,51.31,OK,
2026-03-21 19:30:00,M2,Compresseur,OP08,63.59,OK,
2026-03-21 20:00:00,M5,Carter,OP07,35.77,OK,
2026-03-21 20:30:00,M2,Carter,OP08,33.85,OK,
2026-03-21 21:00:00,M5,Compresseur,OP03,40.71,OK,
2026-03-21 21:30:00,M3,Carter,OP07,35.23,NOK,Tolérance
2026-03-21 22:00:00,M5,Compresseur,OP06,46.86,OK,
2026-03-21 22:30:00,M2,Carter,OP01,32.24,OK,
2026-03-21 23:00:00,M4,Aube,OP03,34.4,NOK,Assemblage
2026-03-21 23:30:00,M4,Carter,OP06,41.34,OK,
2026-03-22 00:00:00,M4,Compresseur,OP02,39.62,OK,
2026-03-22 00:30:00,M4,Injecteur,OP02,21.64,OK,
2026-03-22 01:00:00,M4,Injecteur,OP06,23.94,OK,
2026-03-22 01:30:00,M1,Carter,OP04,39.26,OK,
2026-03-22 02:00:00,M2,Aube,OP04,36.82,NOK,Mesure
2026-03-22 02:30:00,M5,Aube,OP03,34.16,OK,
2026-03-22 03:00:00,M2,Carter,OP05,38.93,OK,
2026-03-22 03:30:00,M2,Compresseur,OP08,43.9,OK,
2026-03-22 04:00:00,M3,Turbine,OP05,47.07,OK,
2026-03-22 04:30:00,M2,Injecteur,OP04,27.5,OK,
2026-03-22 05:00:00,M4,Turbine,OP08,49.18,OK,
2026-03-22 05:30:00,M2,Turbine,OP06,48.56,OK,
2026-03-22 06:00:00,M5,Turbine,OP01,48.77,OK,
2026-03-22 06:30:00,M5,Compresseur,OP07,41.92,OK,
2026-03-22 07:00:00,M1,Aube,OP08,32.21,NOK,Mesure
2026-03-22 07:30:00,M2,Carter,OP05,42.07,OK,
2026-03-22 08:00:00,M1,Aube,OP05,33.63,OK,
2026-03-22 08:30:00,M4,Aube,OP03,33.64,OK,
2026-03-22 09:00:00,M3,Aube,OP01,34.69,OK,
2026-03-22 09:30:00,M1,Carter,OP07,36.18,OK,
2026-03-22 10:00:00,M5,Injecteur,OP04,29.77,OK,
2026-03-22 10:30:00,M1,Injecteur,OP06,27.88,OK,
2026-03-22 11:00:00,M3,Aube,OP01,32.85,OK,
2026-03-22 11:30:00,M2,Turbine,OP06,51.8,OK,
2026-03-22 12:00:00,M4,Injecteur,OP04,28.09,OK,
2026-03-22 12:30:00,M5,Aube,OP05,27.76,NOK,Assemblage
2026-03-22 13:00:00,M4,Injecteur,OP02,24.61,OK,
2026-03-22 13:30:00,M4,Injecteur,OP06,28.64,OK,
2026-03-22 14:00:00,M1,Turbine,OP08,51.38,OK,
2026-03-22 14:30:00,M1,Compresseur,OP03,42.45,OK,
2026-03-22 15:00:00,M4,Turbine,OP04,44.1,OK,
2026-03-22 15:30:00,M5,Turbine,OP08,48.99,OK,
2026-03-22 16:00:00,M1,Carter,OP04,42.24,OK,
2026-03-22 16:30:00,M3,Aube,OP06,36.19,OK,
2026-03-22 17:00:00,M4,Injecteur,OP08,24.5,OK,
2026-03-22 17:30:00,M3,Turbine,OP08,51.95,OK,
2026-03-22 18:00:00,M1,Turbine,OP06,47.5,OK,
2026-03-22 18:30:00,M5,Carter,OP03,44.34,OK,
2026-03-22 19:00:00,M2,Turbine,OP04,57.12,OK,
2026-03-22 19:30:00,M3,Turbine,OP04,56.98,OK,
2026-03-22 20:00:00,M3,Carter,OP03,36.57,OK,
2026-03-22 20:30:00,M1,Aube,OP08,34.5,OK,
2026-03-22 21:00:00,M3,Turbine,OP01,54.46,OK,
2026-03-22 21:30:00,M3,Aube,OP05,33.34,OK,
2026-03-22 22:00:00,M5,Turbine,OP08,48.78,OK,
2026-03-22 22:30:00,M5,Compresseur,OP05,42.66,NOK,Finition
2026-03-22 23:00:00,M4,Carter,OP02,34.23,OK,
2026-03-22 23:30:00,M3,Turbine,OP01,54.4,OK,
2026-03-23 00:00:00,M1,Injecteur,OP07,29.84,OK,
2026-03-23 00:30:00,M3,Aube,OP03,36.3,OK,
2026-03-23 01:00:00,M4,Carter,OP01,35.44,OK,
2026-03-23 01:30:00,M1,Turbine,OP08,51.54,OK,
2026-03-23 02:00:00,M4,Carter,OP03,38.55,OK,
2026-03-23 02:30:00,M2,Injecteur,OP02,23.52,OK,
2026-03-23 03:00:00,M5,Carter,OP02,56.03,OK,
2026-03-23 03:30:00,M3,Aube,OP03,32.47,OK,
2026-03-23 04:00:00,M2,Turbine,OP03,51.64,OK,
2026-03-23 04:30:00,M3,Injecteur,OP05,28.99,OK,
2026-03-23 05:00:00,M2,Compresseur,OP01,43.84,OK,
2026-03-23 05:30:00,M1,Carter,OP07,38.95,OK,
2026-03-23 06:00:00,M2,Compresseur,OP02,42.8,OK,
2026-03-23 06:30:00,M3,Injecteur,OP08,27.75,OK,
2026-03-23 07:00:00,M4,Compresseur,OP06,36.35,OK,
2026-03-23 07:30:00,M1,Turbine,OP06,48.71,OK,
2026-03-23 08:00:00,M3,Turbine,OP01,50.59,OK,
2026-03-23 08:30:00,M3,Carter,OP02,41.89,OK,
2026-03-23 09:00:00,M2,Compresseur,OP03,37.03,OK,
2026-03-23 09:30:00,M3,Carter,OP06,37.46,OK,
2026-03-23 10:00:00,M2,Compresseur,OP03,39.81,OK,
2026-03-23 10:30:00,M2,Compresseur,OP04,42.19,OK,
2026-03-23 11:00:00,M2,Injecteur,OP02,25.09,OK,
2026-03-23 11:30:00,M1,Aube,OP06,35.09,OK,
2026-03-23 12:00:00,M4,Injecteur,OP06,29.12,OK,
2026-03-23 12:30:00,M2,Turbine,OP04,52.61,OK,
2026-03-23 13:00:00,M1,Aube,OP02,36.27,OK,
2026-03-23 13:30:00,M1,Compresseur,OP01,43.27,OK,
2026-03-23 14:00:00,M1,Compresseur,OP05,38.68,OK,
2026-03-23 14:30:00,M2,Injecteur,OP04,26.42,OK,
2026-03-23 15:00:00,M1,Turbine,OP05,51.46,OK,
2026-03-23 15:30:00,M5,Turbine,OP02,48.68,OK,
2026-03-23 16:00:00,M1,Injecteur,OP04,27.46,OK,
2026-03-23 16:30:00,M1,Compresseur,OP04,33.94,OK,
2026-03-23 17:00:00,M4,Carter,OP03,29.46,OK,
2026-03-23 17:30:00,M4,Aube,OP04,33.61,OK,
2026-03-23 18:00:00,M3,Compresseur,OP08,44.16,OK,
2026-03-23 18:30:00,M5,Compresseur,OP02,42.47,OK,
2026-03-23 19:00:00,M3,Aube,OP05,31.93,OK,
2026-03-23 19:30:00,M4,Turbine,OP02,43.04,OK,
2026-03-23 20:00:00,M3,Turbine,OP01,54.26,OK,
2026-03-23 20:30:00,M1,Compresseur,OP03,40.97,OK,
2026-03-23 21:00:00,M1,Turbine,OP02,47.78,OK,
2026-03-23 21:30:00,M4,Compresseur,OP04,41.41,OK,
2026-03-23 22:00:00,M3,Injecteur,OP05,31.2,OK,
2026-03-23 22:30:00,M5,Aube,OP08,27.47,OK,
2026-03-23 23:00:00,M4,Compresseur,OP02,39.99,OK,
2026-03-23 23:30:00,M1,Compresseur,OP02,44.28,OK,
2026-03-24 00:00:00,M2,Aube,OP06,35.74,OK,
2026-03-24 00:30:00,M5,Aube,OP08,35.7,OK,
2026-03-24 01:00:00,M4,Injecteur,OP05,23.08,OK,
2026-03-24 01:30:00,M1,Aube,OP02,30.66,OK,
2026-03-24 02:00:00,M4,Aube,OP08,32.7,OK,
2026-03-24 02:30:00,M2,Aube,OP07,33.89,OK,
2026-03-24 03:00:00,M4,Compresseur,OP08,37.72,OK,
2026-03-24 03:30:00,M2,Injecteur,OP01,26.9,OK,
2026-03-24 04:00:00,M4,Injecteur,OP06,28.24,OK,
2026-03-24 04:30:00,M2,Carter,OP06,36.22,OK,
2026-03-24 05:00:00,M3,Aube,OP02,26.18,OK,
2026-03-24 05:30:00,M2,Turbine,OP04,54.29,OK,
2026-03-24 06:00:00,M1,Carter,OP02,36.71,OK,
2026-03-24 06:30:00,M4,Injecteur,OP07,28.48,OK,
2026-03-24 07:00:00,M5,Compresseur,OP06,39.5,OK,
2026-03-24 07:30:00,M1,Turbine,OP06,50.94,OK,
2026-03-24 08:00:00,M3,Turbine,OP05,49.04,OK,
2026-03-24 08:30:00,M1,Injecteur,OP04,31.27,OK,
2026-03-24 09:00:00,M5,Aube,OP04,27.5,OK,
2026-03-24 09:30:00,M5,Carter,OP05,32.53,OK,
2026-03-24 10:00:00,M4,Aube,OP04,30.36,OK,
2026-03-24 10:30:00,M3,Aube,OP06,34.92,OK,
2026-03-24 11:00:00,M5,Injecteur,OP08,27.83,OK,
2026-03-24 11:30:00,M5,Turbine,OP08,46.39,OK,
2026-03-24 12:00:00,M4,Carter,OP07,40.13,OK,
2026-03-24 12:30:00,M4,Turbine,OP04,46.2,OK,
2026-03-24 13:00:00,M3,Aube,OP07,31.8,OK,
2026-03-24 13:30:00,M4,Carter,OP05,40.79,OK,
2026-03-24 14:00:00,M5,Turbine,OP07,49.62,NOK,Assemblage
2026-03-24 14:30:00,M5,Aube,OP07,34.09,OK,
2026-03-24 15:00:00,M2,Carter,OP03,43.36,OK,
2026-03-24 15:30:00,M1,Aube,OP01,32.9,NOK,Rayure
2026-03-24 16:00:00,M3,Compresseur,OP07,46.33,OK,
2026-03-24 16:30:00,M2,Turbine,OP02,47.98,OK,
2026-03-24 17:00:00,M1,Injecteur,OP05,27.78,OK,
2026-03-24 17:30:00,M3,Carter,OP07,39.03,OK,
2026-03-24 18:00:00,M4,Turbine,OP03,49.52,OK,
2026-03-24 18:30:00,M5,Compresseur,OP08,42.71,OK,
2026-03-24 19:00:00,M1,Carter,OP07,34.92,OK,
2026-03-24 19:30:00,M2,Carter,OP08,38.83,OK,
2026-03-24 20:00:00,M1,Injecteur,OP01,31.24,OK,
2026-03-24 20:30:00,M2,Carter,OP07,35.04,OK,
2026-03-24 21:00:00,M3,Compresseur,OP04,44.74,OK,
2026-03-24 21:30:00,M3,Carter,OP02,36.83,OK,
2026-03-24 22:00:00,M3,Turbine,OP03,54.42,OK,
2026-03-24 22:30:00,M4,Compresseur,OP05,38.01,OK,
2026-03-24 23:00:00,M4,Aube,OP07,33.25,OK,
2026-03-24 23:30:00,M1,Turbine,OP05,47.88,OK,
2026-03-25 00:00:00,M5,Injecteur,OP06,28.87,OK,
2026-03-25 00:30:00,M4,Turbine,OP01,48.19,OK,
2026-03-25 01:00:00,M3,Injecteur,OP02,37.13,OK,
2026-03-25 01:30:00,M2,Injecteur,OP07,31.86,OK,
2026-03-25 02:00:00,M4,Turbine,OP05,49.74,OK,
2026-03-25 02:30:00,M1,Aube,OP06,35.33,OK,
2026-03-25 03:00:00,M5,Turbine,OP01,55.51,OK,
2026-03-25 03:30:00,M1,Aube,OP04,29.97,OK,
2026-03-25 04:00:00,M1,Aube,OP07,30.71,OK,
2026-03-25 04:30:00,M5,Compresseur,OP01,40.56,OK,
2026-03-25 05:00:00,M4,Aube,OP02,31.3,OK,
2026-03-25 05:30:00,M3,Carter,OP08,45.36,OK,
2026-03-25 06:00:00,M2,Injecteur,OP04,32.78,OK,
2026-03-25 06:30:00,M4,Turbine,OP01,47.93,OK,
2026-03-25 07:00:00,M5,Aube,OP04,29.6,OK,
2026-03-25 07:30:00,M2,Carter,OP07,41.61,OK,
2026-03-25 08:00:00,M4,Injecteur,OP05,31.2,OK,
2026-03-25 08:30:00,M4,Carter,OP01,37.58,NOK,Finition
2026-03-25 09:00:00,M3,Aube,OP06,42.48,NOK,Tolérance
2026-03-25 09:30:00,M5,Aube,OP06,36.86,OK,
2026-03-25 10:00:00,M3,Injecteur,OP07,36.38,NOK,Tolérance
2026-03-25 10:30:00,M3,Carter,OP07,44.59,OK,
2026-03-25 11:00:00,M5,Carter,OP06,35.95,OK,
2026-03-25 11:30:00,M2,Injecteur,OP08,31.16,NOK,Tolérance
2026-03-25 12:00:00,M2,Compresseur,OP08,42.22,OK,
2026-03-25 12:30:00,M4,Compresseur,OP08,44.37,OK,
2026-03-25 13:00:00,M4,Aube,OP08,34.4,OK,
2026-03-25 13:30:00,M2,Carter,OP03,41.4,OK,
2026-03-25 14:00:00,M3,Injecteur,OP04,29.03,OK,
2026-03-25 14:30:00,M4,Compresseur,OP04,36.25,OK,
2026-03-25 15:00:00,M3,Compresseur,OP05,45.73,OK,
2026-03-25 15:30:00,M1,Carter,OP03,33.16,NOK,Mesure
2026-03-25 16:00:00,M4,Aube,OP05,30.75,OK,
2026-03-25 16:30:00,M4,Carter,OP03,35.83,OK,
2026-03-25 17:00:00,M3,Carter,OP01,43.36,OK,
2026-03-25 17:30:00,M3,Turbine,OP04,51.98,OK,
2026-03-25 18:00:00,M1,Compresseur,OP04,43.53,OK,
2026-03-25 18:30:00,M2,Compresseur,OP05,46.66,OK,
2026-03-25 19:00:00,M3,Injecteur,OP03,34.7,OK,
2026-03-25 19:30:00,M4,Aube,OP08,31.97,OK,
2026-03-25 20:00:00,M1,Aube,OP06,29.74,OK,
2026-03-25 20:30:00,M3,Aube,OP04,36.54,OK,
2026-03-25 21:00:00,M4,Injecteur,OP02,27.24,OK,
2026-03-25 21:30:00,M2,Turbine,OP05,53.41,OK,
2026-03-25 22:00:00,M3,Injecteur,OP01,29.57,OK,
2026-03-25 22:30:00,M4,Compresseur,OP08,38.03,OK,
2026-03-25 23:00:00,M3,Carter,OP05,39.39,NOK,Mesure
2026-03-25 23:30:00,M2,Aube,OP01,31.05,NOK,Assemblage
2026-03-26 00:00:00,M4,Aube,OP05,27.6,OK,
2026-03-26 00:30:00,M1,Injecteur,OP05,34.26,OK,
2026-03-26 01:00:00,M5,Compresseur,OP01,41.14,OK,
2026-03-26 01:30:00,M4,Injecteur,OP08,28.28,OK,
2026-03-26 02:00:00,M5,Carter,OP07,37.9,OK,
2026-03-26 02:30:00,M1,Turbine,OP01,47.87,OK,
2026-03-26 03:00:00,M2,Aube,OP04,37.61,OK,
2026-03-26 03:30:00,M1,Turbine,OP03,51.47,OK,
2026-03-26 04:00:00,M4,Aube,OP01,33.36,OK,
2026-03-26 04:30:00,M4,Compresseur,OP06,37.13,NOK,Mesure
2026-03-26 05:00:00,M4,Injecteur,OP05,30.75,OK,
2026-03-26 05:30:00,M4,Turbine,OP01,48.65,OK,
2026-03-26 06:00:00,M3,Injecteur,OP02,35.05,OK,
2026-03-26 06:30:00,M5,Carter,OP08,41.52,OK,
2026-03-26 07:00:00,M3,Turbine,OP08,54.37,OK,
2026-03-26 07:30:00,M3,Injecteur,OP08,37.19,OK,
2026-03-26 08:00:00,M4,Aube,OP06,32.43,OK,
2026-03-26 08:30:00,M3,Compresseur,OP08,42.69,OK,
2026-03-26 09:00:00,M5,Aube,OP02,34.31,OK,
2026-03-26 09:30:00,M5,Compresseur,OP01,35.05,OK,
2026-03-26 10:00:00,M2,Turbine,OP01,51.39,OK,
2026-03-26 10:30:00,M5,Turbine,OP08,47.12,OK,
2026-03-26 11:00:00,M3,Compresseur,OP05,51.86,OK,
2026-03-26 11:30:00,M1,Compresseur,OP08,37.67,OK,
2026-03-26 12:00:00,M1,Compresseur,OP02,41.37,OK,
2026-03-26 12:30:00,M2,Carter,OP03,37.77,OK,
2026-03-26 13:00:00,M5,Aube,OP02,34.01,OK,
2026-03-26 13:30:00,M2,Aube,OP07,52.38,OK,
2026-03-26 14:00:00,M4,Carter,OP05,34.82,OK,
2026-03-26 14:30:00,M3,Turbine,OP03,55.46,OK,
2026-03-26 15:00:00,M2,Turbine,OP07,48.04,OK,
2026-03-26 15:30:00,M3,Compresseur,OP08,65.44,OK,
2026-03-26 16:00:00,M1,Compresseur,OP06,37.86,OK,
2026-03-26 16:30:00,M1,Turbine,OP01,56.29,OK,
2026-03-26 17:00:00,M5,Carter,OP07,34.05,OK,
2026-03-26 17:30:00,M3,Carter,OP01,45.94,OK,
2026-03-26 18:00:00,M5,Turbine,OP07,47.71,OK,
2026-03-26 18:30:00,M4,Carter,OP07,36.63,OK,
2026-03-26 19:00:00,M1,Compresseur,OP06,37.56,OK,
2026-03-26 19:30:00,M5,Carter,OP04,40.34,OK,
2026-03-26 20:00:00,M5,Carter,OP03,43.32,OK,
2026-03-26 20:30:00,M3,Aube,OP02,39.36,OK,
2026-03-26 21:00:00,M3,Injecteur,OP06,38.85,OK,
2026-03-26 21:30:00,M5,Compresseur,OP08,44.8,OK,
2026-03-26 22:00:00,M5,Injecteur,OP04,28.15,OK,
2026-03-26 22:30:00,M2,Aube,OP04,35.35,OK,
2026-03-26 23:00:00,M2,Carter,OP08,42.1,OK,
2026-03-26 23:30:00,M1,Aube,OP03,34.55,OK,
2026-03-27 00:00:00,M3,Injecteur,OP07,32.62,OK,
2026-03-27 00:30:00,M4,Aube,OP08,29.22,OK,
2026-03-27 01:00:00,M4,Turbine,OP03,44.78,OK,
2026-03-27 01:30:00,M5,Injecteur,OP02,29.38,OK,
2026-03-27 02:00:00,M1,Turbine,OP06,50.24,OK,
2026-03-27 02:30:00,M3,Injecteur,OP05,34.83,NOK,Tolérance
2026-03-27 03:00:00,M3,Carter,OP05,43.32,OK,
2026-03-27 03:30:00,M4,Compresseur,OP05,40.64,OK,
2026-03-27 04:00:00,M4,Compresseur,OP02,39.0,NOK,Mesure
2026-03-27 04:30:00,M5,Aube,OP06,32.19,OK,
2026-03-27 05:00:00,M5,Turbine,OP03,46.39,OK,
2026-03-27 05:30:00,M3,Compresseur,OP07,47.41,OK,
2026-03-27 06:00:00,M3,Injecteur,OP01,41.18,OK,
2026-03-27 06:30:00,M2,Compresseur,OP05,40.97,OK,
2026-03-27 07:00:00,M5,Compresseur,OP04,44.86,OK,
2026-03-27 07:30:00,M5,Turbine,OP08,48.53,OK,
2026-03-27 08:00:00,M5,Turbine,OP01,49.2,OK,
2026-03-27 08:30:00,M5,Aube,OP02,34.38,OK,
2026-03-27 09:00:00,M4,Injecteur,OP01,21.48,OK,
2026-03-27 09:30:00,M1,Injecteur,OP06,29.35,OK,
2026-03-27 10:00:00,M1,Injecteur,OP03,28.61,OK,
2026-03-27 10:30:00,M4,Turbine,OP01,49.73,OK,
2026-03-27 11:00:00,M1,Compresseur,OP05,39.11,OK,
2026-03-27 11:30:00,M4,Compresseur,OP01,41.57,OK,
2026-03-27 12:00:00,M5,Turbine,OP08,46.19,OK,
2026-03-27 12:30:00,M3,Aube,OP07,38.32,NOK,Rayure
2026-03-27 13:00:00,M2,Compresseur,OP05,38.99,OK,
2026-03-27 13:30:00,M2,Carter,OP07,37.26,OK,
2026-03-27 14:00:00,M5,Turbine,OP03,43.81,OK,
2026-03-27 14:30:00,M4,Injecteur,OP08,33.81,NOK,Mesure
2026-03-27 15:00:00,M5,Carter,OP03,44.02,OK,
2026-03-27 15:30:00,M4,Carter,OP04,36.02,OK,
2026-03-27 16:00:00,M1,Turbine,OP02,48.12,OK,
2026-03-27 16:30:00,M5,Carter,OP07,40.17,OK,
2026-03-27 17:00:00,M3,Carter,OP05,47.86,OK,
2026-03-27 17:30:00,M3,Carter,OP04,42.94,OK,
2026-03-27 18:00:00,M1,Turbine,OP01,48.8,NOK,Tolérance
2026-03-27 18:30:00,M4,Aube,OP02,30.84,OK,
2026-03-27 19:00:00,M1,Injecteur,OP01,33.02,OK,
2026-03-27 19:30:00,M4,Injecteur,OP06,24.78,OK,
2026-03-27 20:00:00,M1,Compresseur,OP08,39.74,NOK,Rayure
2026-03-27 20:30:00,M3,Turbine,OP02,56.83,OK,
2026-03-27 21:00:00,M2,Turbine,OP08,51.25,OK,
2026-03-27 21:30:00,M5,Turbine,OP01,49.34,OK,
2026-03-27 22:00:00,M4,Compresseur,OP05,37.03,OK,
2026-03-27 22:30:00,M5,Injecteur,OP03,28.13,OK,
2026-03-27 23:00:00,M1,Turbine,OP05,54.03,OK,
2026-03-27 23:30:00,M3,Turbine,OP01,53.27,OK,
2026-03-28 00:00:00,M5,Injecteur,OP05,27.05,NOK,Mesure
2026-03-28 00:30:00,M1,Carter,OP07,31.74,OK,
2026-03-28 01:00:00,M1,Injecteur,OP08,25.62,NOK,Tolérance
2026-03-28 01:30:00,M4,Injecteur,OP08,28.09,OK,
2026-03-28 02:00:00,M3,Compresseur,OP01,49.5,OK,
2026-03-28 02:30:00,M2,Turbine,OP03,50.38,OK,
2026-03-28 03:00:00,M1,Compresseur,OP08,40.44,OK,
2026-03-28 03:30:00,M3,Turbine,OP02,55.76,OK,
2026-03-28 04:00:00,M1,Carter,OP04,41.54,OK,
2026-03-28 04:30:00,M4,Injecteur,OP02,26.32,OK,
2026-03-28 05:00:00,M1,Aube,OP06,35.32,OK,
2026-03-28 05:30:00,M4,Compresseur,OP05,37.26,OK,
2026-03-28 06:00:00,M1,Compresseur,OP01,40.24,OK,
2026-03-28 06:30:00,M2,Injecteur,OP01,33.14,OK,
2026-03-28 07:00:00,M4,Injecteur,OP02,24.48,OK,
2026-03-28 07:30:00,M3,Injecteur,OP04,41.08,OK,
2026-03-28 08:00:00,M1,Injecteur,OP04,30.2,OK,
2026-03-28 08:30:00,M4,Injecteur,OP08,27.18,OK,
2026-03-28 09:00:00,M1,Compresseur,OP03,39.87,OK,
2026-03-28 09:30:00,M3,Injecteur,OP03,38.27,OK,
2026-03-28 10:00:00,M3,Carter,OP06,46.82,OK,
2026-03-28 10:30:00,M2,Injecteur,OP01,29.87,OK,
2026-03-28 11:00:00,M2,Turbine,OP02,48.24,OK,
2026-03-28 11:30:00,M5,Carter,OP06,40.99,OK,
2026-03-28 12:00:00,M2,Compresseur,OP08,46.88,OK,
2026-03-28 12:30:00,M2,Turbine,OP08,46.18,OK,
2026-03-28 13:00:00,M3,Aube,OP04,34.26,NOK,Rayure
2026-03-28 13:30:00,M1,Injecteur,OP02,32.07,OK,
2026-03-28 14:00:00,M5,Carter,OP01,39.34,OK,
2026-03-28 14:30:00,M3,Turbine,OP06,55.21,OK,
2026-03-28 15:00:00,M2,Compresseur,OP03,45.89,NOK,Tolérance
2026-03-28 15:30:00,M1,Carter,OP04,31.86,OK,
2026-03-28 16:00:00,M3,Turbine,OP07,56.24,OK,
2026-03-28 16:30:00,M2,Turbine,OP07,49.79,OK,
2026-03-28 17:00:00,M4,Turbine,OP01,48.31,OK,
2026-03-28 17:30:00,M2,Carter,OP04,34.79,NOK,Assemblage
2026-03-28 18:00:00,M5,Injecteur,OP08,29.79,OK,
2026-03-28 18:30:00,M1,Turbine,OP07,50.12,OK,
2026-03-28 19:00:00,M5,Carter,OP08,35.75,OK,
2026-03-28 19:30:00,M4,Aube,OP08,30.79,OK,
2026-03-28 20:00:00,M5,Compresseur,OP04,41.86,OK,
2026-03-28 20:30:00,M3,Aube,OP07,40.35,OK,
2026-03-28 21:00:00,M3,Carter,OP02,44.28,OK,
2026-03-28 21:30:00,M5,Compresseur,OP08,42.38,OK,
2026-03-28 22:00:00,M4,Aube,OP07,26.75,OK,
2026-03-28 22:30:00,M2,Aube,OP04,36.24,OK,
2026-03-28 23:00:00,M1,Carter,OP02,38.43,OK,
2026-03-28 23:30:00,M1,Injecteur,OP04,22.76,OK,
2026-03-29 00:00:00,M3,Carter,OP05,44.89,OK,
2026-03-29 00:30:00,M5,Carter,OP01,41.05,OK,
2026-03-29 01:00:00,M3,Aube,OP07,40.56,NOK,Finition
2026-03-29 01:30:00,M2,Aube,OP04,29.26,OK,
2026-03-29 02:00:00,M4,Turbine,OP08,47.46,OK,
2026-03-29 02:30:00,M2,Aube,OP07,30.43,OK,
2026-03-29 03:00:00,M5,Compresseur,OP06,45.16,OK,
2026-03-29 03:30:00,M4,Carter,OP06,40.37,OK,
2026-03-29 04:00:00,M4,Injecteur,OP05,27.72,OK,
2026-03-29 04:30:00,M2,Carter,OP07,39.04,OK,
2026-03-29 05:00:00,M4,Compresseur,OP07,40.51,OK,
2026-03-29 05:30:00,M3,Compresseur,OP03,48.74,NOK,Finition
2026-03-29 06:00:00,M5,Aube,OP01,32.91,OK,
2026-03-29 06:30:00,M2,Carter,OP02,39.48,OK,
2026-03-29 07:00:00,M1,Turbine,OP06,50.83,OK,
2026-03-29 07:30:00,M5,Aube,OP08,30.28,OK,
2026-03-29 08:00:00,M2,Turbine,OP04,48.6,OK,
2026-03-29 08:30:00,M5,Carter,OP04,42.31,OK,
2026-03-29 09:00:00,M3,Turbine,OP01,58.54,OK,
2026-03-29 09:30:00,M2,Injecteur,OP06,30.33,OK,
2026-03-29 10:00:00,M4,Aube,OP01,30.82,OK,
2026-03-29 10:30:00,M3,Aube,OP03,36.2,OK,
2026-03-29 11:00:00,M5,Aube,OP08,29.42,OK,
2026-03-29 11:30:00,M1,Turbine,OP03,51.72,OK,
2026-03-29 12:00:00,M3,Compresseur,OP04,49.92,OK,
2026-03-29 12:30:00,M3,Compresseur,OP02,45.94,OK,
2026-03-29 13:00:00,M4,Aube,OP03,30.94,OK,
2026-03-29 13:30:00,M4,Aube,OP06,34.33,OK,
2026-03-29 14:00:00,M4,Compresseur,OP01,39.98,OK,
2026-03-29 14:30:00,M4,Aube,OP08,35.4,OK,
2026-03-29 15:00:00,M2,Aube,OP03,31.27,OK,
2026-03-29 15:30:00,M5,Compresseur,OP03,41.91,OK,
2026-03-29 16:00:00,M4,Turbine,OP02,47.8,OK,
2026-03-29 16:30:00,M2,Turbine,OP01,50.13,OK,
2026-03-29 17:00:00,M4,Compresseur,OP02,54.32,OK,
2026-03-29 17:30:00,M2,Turbine,OP06,52.03,OK,
2026-03-29 18:00:00,M1,Aube,OP01,34.53,OK,
2026-03-29 18:30:00,M2,Compresseur,OP03,42.33,OK,
2026-03-29 19:00:00,M5,Compresseur,OP06,39.77,OK,
2026-03-29 19:30:00,M4,Aube,OP02,34.53,OK,
2026-03-29 20:00:00,M3,Turbine,OP01,53.51,OK,
2026-03-29 20:30:00,M1,Carter,OP06,38.41,NOK,Tolérance
2026-03-29 21:00:00,M5,Aube,OP02,31.34,OK,
2026-03-29 21:30:00,M3,Compresseur,OP06,42.68,OK,
2026-03-29 22:00:00,M2,Carter,OP03,34.67,OK,
2026-03-29 22:30:00,M4,Compresseur,OP06,35.63,NOK,Finition
2026-03-29 23:00:00,M5,Turbine,OP01,49.92,OK,
2026-03-29 23:30:00,M4,Turbine,OP02,51.85,OK,
2026-03-30 00:00:00,M3,Turbine,OP03,52.65,OK,
2026-03-30 00:30:00,M4,Carter,OP03,38.82,OK,
2026-03-30 01:00:00,M1,Injecteur,OP07,27.62,NOK,Assemblage
2026-03-30 01:30:00,M2,Injecteur,OP01,28.65,OK,
2026-03-30 02:00:00,M2,Turbine,OP07,48.73,OK,
2026-03-30 02:30:00,M4,Compresseur,OP04,39.76,OK,
2026-03-30 03:00:00,M2,Turbine,OP02,52.13,OK,
2026-03-30 03:30:00,M5,Compresseur,OP07,44.63,OK,
2026-03-30 04:00:00,M2,Turbine,OP07,51.44,OK,
2026-03-30 04:30:00,M2,Carter,OP08,40.4,OK,
2026-03-30 05:00:00,M4,Aube,OP03,28.11,OK,
2026-03-30 05:30:00,M2,Aube,OP01,34.04,OK,
2026-03-30 06:00:00,M1,Carter,OP03,35.35,OK,
2026-03-30 06:30:00,M3,Aube,OP08,37.93,NOK,Tolérance
2026-03-30 07:00:00,M2,Turbine,OP04,56.07,OK,
2026-03-30 07:30:00,M4,Aube,OP07,31.15,OK,
2026-03-30 08:00:00,M4,Carter,OP02,35.34,OK,
2026-03-30 08:30:00,M5,Turbine,OP04,49.93,OK,
2026-03-30 09:00:00,M3,Injecteur,OP08,33.73,NOK,Mesure
2026-03-30 09:30:00,M2,Turbine,OP08,48.49,NOK,Assemblage
2026-03-30 10:00:00,M1,Turbine,OP05,43.69,OK,
2026-03-30 10:30:00,M5,Turbine,OP01,45.36,OK,
2026-03-30 11:00:00,M4,Aube,OP02,29.2,OK,
2026-03-30 11:30:00,M3,Carter,OP07,43.29,OK,
2026-03-30 12:00:00,M1,Compresseur,OP06,41.87,OK,
2026-03-30 12:30:00,M3,Compresseur,OP03,56.02,OK,
2026-03-30 13:00:00,M4,Injecteur,OP07,25.43,OK,
2026-03-30 13:30:00,M2,Turbine,OP08,46.74,OK,
2026-03-30 14:00:00,M4,Injecteur,OP04,28.38,OK,
2026-03-30 14:30:00,M3,Aube,OP08,39.4,OK,
2026-03-30 15:00:00,M2,Compresseur,OP05,43.74,NOK,Rayure
2026-03-30 15:30:00,M4,Aube,OP02,31.74,NOK,Assemblage
2026-03-30 16:00:00,M1,Injecteur,OP01,31.79,NOK,Finition
2026-03-30 16:30:00,M3,Aube,OP08,40.45,OK,
2026-03-30 17:00:00,M3,Carter,OP06,48.66,OK,
2026-03-30 17:30:00,M4,Injecteur,OP01,27.98,OK,
2026-03-30 18:00:00,M1,Compresseur,OP08,42.95,OK,
2026-03-30 18:30:00,M1,Injecteur,OP02,26.94,OK,
2026-03-30 19:00:00,M2,Carter,OP08,35.48,OK,
2026-03-30 19:30:00,M2,Compresseur,OP06,39.72,NOK,Assemblage
2026-03-30 20:00:00,M3,Aube,OP04,36.28,OK,
2026-03-30 20:30:00,M4,Aube,OP02,29.24,OK,
2026-03-30 21:00:00,M2,Turbine,OP01,53.97,OK,
2026-03-30 21:30:00,M5,Aube,OP03,36.1,OK,
2026-03-30 22:00:00,M4,Injecteur,OP04,28.07,OK,
2026-03-30 22:30:00,M1,Aube,OP01,33.71,OK,
2026-03-30 23:00:00,M4,Carter,OP04,35.2,OK,
2026-03-30 23:30:00,M2,Injecteur,OP08,26.43,OK,
2026-03-31 00:00:00,M2,Injecteur,OP02,28.82,OK,
2026-03-31 00:30:00,M4,Injecteur,OP07,25.86,OK,
2026-03-31 01:00:00,M1,Carter,OP02,38.95,OK,
2026-03-31 01:30:00,M1,Injecteur,OP06,30.64,OK,
2026-03-31 02:00:00,M4,Injecteur,OP01,26.61,OK,
2026-03-31 02:30:00,M4,Carter,OP06,39.47,OK,
2026-03-31 03:00:00,M2,Injecteur,OP04,30.8,OK,
2026-03-31 03:30:00,M3,Turbine,OP08,55.74,OK,
2026-03-31 04:00:00,M3,Turbine,OP01,53.54,OK,
2026-03-31 04:30:00,M5,Aube,OP04,31.1,OK,
2026-03-31 05:00:00,M4,Compresseur,OP06,42.55,OK,
2026-03-31 05:30:00,M2,Compresseur,OP03,46.14,OK,
2026-03-31 06:00:00,M3,Turbine,OP01,53.07,OK,
2026-03-31 06:30:00,M4,Aube,OP02,30.25,OK,
2026-03-31 07:00:00,M2,Injecteur,OP07,32.53,OK,
2026-03-31 07:30:00,M1,Carter,OP08,38.42,OK,
2026-03-31 08:00:00,M4,Aube,OP05,32.53,OK,
2026-03-31 08:30:00,M1,Carter,OP02,35.84,OK,
2026-03-31 09:00:00,M2,Aube,OP07,32.77,NOK,Assemblage
2026-03-31 09:30:00,M2,Compresseur,OP02,40.96,OK,
2026-03-31 10:00:00,M5,Aube,OP03,30.51,NOK,Tolérance
2026-03-31 10:30:00,M3,Injecteur,OP03,33.46,OK,
2026-03-31 11:00:00,M1,Aube,OP07,31.36,OK,
2026-03-31 11:30:00,M1,Compresseur,OP08,45.02,OK,
2026-03-31 12:00:00,M2,Compresseur,OP08,41.81,OK,
2026-03-31 12:30:00,M4,Aube,OP05,35.58,OK,
2026-03-31 13:00:00,M1,Injecteur,OP03,25.4,OK,
2026-03-31 13:30:00,M5,Aube,OP02,34.94,OK,
2026-03-31 14:00:00,M1,Turbine,OP02,50.6,OK,
2026-03-31 14:30:00,M3,Compresseur,OP01,50.93,OK,
2026-03-31 15:00:00,M2,Compresseur,OP05,42.94,OK,
2026-03-31 15:30:00,M3,Injecteur,OP03,34.9,OK,
2026-03-31 16:00:00,M1,Turbine,OP05,55.48,OK,
2026-03-31 16:30:00,M5,Aube,OP03,34.43,OK,
2026-03-31 17:00:00,M5,Carter,OP04,35.93,NOK,Rayure
2026-03-31 17:30:00,M3,Turbine,OP03,51.68,OK,
2026-03-31 18:00:00,M3,Carter,OP03,43.12,OK,
2026-03-31 18:30:00,M2,Aube,OP08,30.59,NOK,Assemblage
2026-03-31 19:00:00,M2,Injecteur,OP04,34.61,OK,
2026-03-31 19:30:00,M2,Carter,OP03,40.45,OK,
2026-03-31 20:00:00,M4,Aube,OP01,33.06,OK,
2026-03-31 20:30:00,M5,Aube,OP02,32.03,OK,
2026-03-31 21:00:00,M3,Carter,OP03,44.86,NOK,Mesure
2026-03-31 21:30:00,M2,Aube,OP02,32.03,OK,
2026-03-31 22:00:00,M5,Carter,OP08,39.64,OK,
2026-03-31 22:30:00,M3,Injecteur,OP02,36.97,OK,
2026-03-31 23:00:00,M4,Turbine,OP06,49.45,OK,
2026-03-31 23:30:00,M4,Aube,OP03,27.04,OK,
2026-04-01 00:00:00,M2,Turbine,OP03,47.2,NOK,Assemblage
2026-04-01 00:30:00,M2,Injecteur,OP07,33.65,OK,
2026-04-01 01:00:00,M3,Aube,OP05,38.02,OK,
2026-04-01 01:30:00,M2,Carter,OP02,41.42,OK,
2026-04-01 02:00:00,M3,Compresseur,OP02,49.34,NOK,Finition
2026-04-01 02:30:00,M3,Injecteur,OP08,36.46,OK,
2026-04-01 03:00:00,M4,Injecteur,OP03,24.66,OK,
2026-04-01 03:30:00,M1,Aube,OP01,32.43,OK,
2026-04-01 04:00:00,M1,Aube,OP06,32.17,OK,
2026-04-01 04:30:00,M5,Injecteur,OP01,34.09,OK,
2026-04-01 05:00:00,M5,Turbine,OP03,54.27,OK,
2026-04-01 05:30:00,M4,Aube,OP07,33.43,OK,
2026-04-01 06:00:00,M3,Turbine,OP02,69.75,OK,
2026-04-01 06:30:00,M4,Turbine,OP05,51.12,OK,
2026-04-01 07:00:00,M5,Compresseur,OP08,59.42,OK,
2026-04-01 07:30:00,M3,Carter,OP02,40.1,NOK,Tolérance
2026-04-01 08:00:00,M1,Compresseur,OP07,39.82,OK,
2026-04-01 08:30:00,M1,Aube,OP01,32.06,OK,
2026-04-01 09:00:00,M2,Aube,OP07,31.62,OK,
2026-04-01 09:30:00,M3,Compresseur,OP08,49.39,OK,
2026-04-01 10:00:00,M2,Carter,OP07,44.3,OK,
2026-04-01 10:30:00,M3,Compresseur,OP03,47.71,OK,
2026-04-01 11:00:00,M1,Turbine,OP04,55.73,OK,
2026-04-01 11:30:00,M4,Injecteur,OP08,25.74,OK,
2026-04-01 12:00:00,M3,Aube,OP07,43.27,OK,
2026-04-01 12:30:00,M3,Injecteur,OP01,40.68,OK,
2026-04-01 13:00:00,M3,Aube,OP01,36.38,OK,
2026-04-01 13:30:00,M2,Injecteur,OP03,31.43,OK,
2026-04-01 14:00:00,M3,Compresseur,OP05,49.61,OK,
2026-04-01 14:30:00,M1,Injecteur,OP03,28.92,OK,
2026-04-01 15:00:00,M2,Turbine,OP02,51.03,OK,
2026-04-01 15:30:00,M4,Compresseur,OP04,40.58,OK,
2026-04-01 16:00:00,M4,Injecteur,OP05,25.59,OK,
2026-04-01 16:30:00,M1,Injecteur,OP07,21.54,OK,
2026-04-01 17:00:00,M3,Carter,OP05,47.64,OK,
2026-04-01 17:30:00,M2,Compresseur,OP01,40.95,NOK,Assemblage
2026-04-01 18:00:00,M4,Carter,OP02,34.06,OK,
2026-04-01 18:30:00,M1,Compresseur,OP01,41.9,OK,
2026-04-01 19:00:00,M2,Carter,OP06,38.35,OK,
2026-04-01 19:30:00,M3,Turbine,OP05,52.85,OK,
2026-04-01 20:00:00,M1,Turbine,OP02,56.11,OK,
2026-04-01 20:30:00,M2,Aube,OP02,35.38,NOK,Finition
2026-04-01 21:00:00,M3,Aube,OP04,36.92,OK,
2026-04-01 21:30:00,M3,Injecteur,OP06,35.16,OK,
2026-04-01 22:00:00,M1,Aube,OP02,28.61,OK,
2026-04-01 22:30:00,M2,Injecteur,OP05,30.87,OK,
2026-04-01 23:00:00,M1,Injecteur,OP01,30.19,OK,
2026-04-01 23:30:00,M5,Injecteur,OP02,25.36,OK,
2026-04-02 00:00:00,M4,Injecteur,OP07,26.19,OK,
2026-04-02 00:30:00,M2,Injecteur,OP01,31.8,OK,
2026-04-02 01:00:00,M4,Injecteur,OP05,27.35,OK,
2026-04-02 01:30:00,M2,Turbine,OP01,52.37,OK,
2026-04-02 02:00:00,M2,Carter,OP03,37.87,OK,
2026-04-02 02:30:00,M2,Injecteur,OP02,35.41,NOK,Assemblage
2026-04-02 03:00:00,M3,Carter,OP02,48.99,OK,
2026-04-02 03:30:00,M5,Carter,OP06,35.58,OK,
2026-04-02 04:00:00,M1,Carter,OP04,36.72,OK,
2026-04-02 04:30:00,M5,Compresseur,OP07,39.25,OK,
2026-04-02 05:00:00,M5,Injecteur,OP04,30.31,OK,
2026-04-02 05:30:00,M4,Turbine,OP08,46.19,OK,
2026-04-02 06:00:00,M3,Turbine,OP08,56.97,OK,
2026-04-02 06:30:00,M2,Injecteur,OP08,31.48,OK,
2026-04-02 07:00:00,M3,Compresseur,OP05,48.41,OK,
2026-04-02 07:30:00,M1,Turbine,OP02,50.5,OK,
2026-04-02 08:00:00,M4,Compresseur,OP03,39.26,OK,
2026-04-02 08:30:00,M1,Compresseur,OP01,35.97,OK,
2026-04-02 09:00:00,M1,Turbine,OP04,49.28,OK,
2026-04-02 09:30:00,M1,Compresseur,OP06,38.81,OK,
2026-04-02 10:00:00,M2,Aube,OP08,34.46,OK,
2026-04-02 10:30:00,M5,Carter,OP02,35.3,NOK,Rayure
2026-04-02 11:00:00,M3,Compresseur,OP07,51.38,NOK,Mesure
2026-04-02 11:30:00,M3,Carter,OP04,48.3,OK,
2026-04-02 12:00:00,M1,Aube,OP03,33.99,OK,
2026-04-02 12:30:00,M1,Injecteur,OP06,28.88,OK,
2026-04-02 13:00:00,M1,Compresseur,OP03,42.5,OK,
2026-04-02 13:30:00,M2,Carter,OP05,41.6,OK,
2026-04-02 14:00:00,M4,Carter,OP05,55.1,OK,
2026-04-02 14:30:00,M2,Turbine,OP06,46.4,OK,
2026-04-02 15:00:00,M4,Compresseur,OP02,33.74,OK,
2026-04-02 15:30:00,M2,Turbine,OP07,47.17,OK,
2026-04-02 16:00:00,M4,Aube,OP06,35.34,OK,
2026-04-02 16:30:00,M5,Aube,OP08,37.63,OK,
2026-04-02 17:00:00,M4,Compresseur,OP07,35.22,OK,
2026-04-02 17:30:00,M1,Turbine,OP06,48.18,NOK,Rayure
2026-04-02 18:00:00,M4,Turbine,OP02,50.42,OK,
2026-04-02 18:30:00,M2,Carter,OP08,39.45,OK,
2026-04-02 19:00:00,M4,Turbine,OP04,48.45,OK,
2026-04-02 19:30:00,M2,Aube,OP01,32.66,OK,
2026-04-02 20:00:00,M1,Compresseur,OP02,37.28,OK,
2026-04-02 20:30:00,M2,Compresseur,OP04,43.05,OK,
2026-04-02 21:00:00,M4,Turbine,OP03,46.49,OK,
2026-04-02 21:30:00,M4,Aube,OP06,31.29,OK,
2026-04-02 22:00:00,M1,Carter,OP02,40.22,NOK,Tolérance
2026-04-02 22:30:00,M1,Aube,OP07,36.8,OK,
2026-04-02 23:00:00,M5,Carter,OP05,36.76,OK,
2026-04-02 23:30:00,M5,Aube,OP03,29.66,OK,
2026-04-03 00:00:00,M1,Turbine,OP07,50.88,OK,
2026-04-03 00:30:00,M4,Aube,OP06,35.24,OK,
2026-04-03 01:00:00,M4,Turbine,OP01,49.33,OK,
2026-04-03 01:30:00,M1,Carter,OP06,33.19,NOK,Assemblage
2026-04-03 02:00:00,M1,Compresseur,OP04,37.14,OK,
2026-04-03 02:30:00,M1,Turbine,OP05,46.3,OK,
2026-04-03 03:00:00,M1,Injecteur,OP08,44.18,OK,
2026-04-03 03:30:00,M3,Aube,OP04,39.19,OK,
2026-04-03 04:00:00,M3,Turbine,OP02,52.58,OK,
2026-04-03 04:30:00,M2,Compresseur,OP07,47.7,OK,
2026-04-03 05:00:00,M1,Carter,OP03,38.81,OK,
2026-04-03 05:30:00,M2,Turbine,OP03,53.04,OK,
2026-04-03 06:00:00,M5,Injecteur,OP06,28.1,OK,
2026-04-03 06:30:00,M4,Compresseur,OP07,40.48,OK,
2026-04-03 07:00:00,M5,Compresseur,OP03,33.27,OK,
2026-04-03 07:30:00,M3,Injecteur,OP02,31.82,OK,
2026-04-03 08:00:00,M2,Carter,OP03,41.84,OK,
2026-04-03 08:30:00,M4,Carter,OP08,37.52,OK,
2026-04-03 09:00:00,M4,Turbine,OP02,51.19,OK,
2026-04-03 09:30:00,M4,Injecteur,OP03,27.43,OK,
2026-04-03 10:00:00,M5,Carter,OP06,40.0,OK,
2026-04-03 10:30:00,M1,Injecteur,OP01,30.45,OK,
2026-04-03 11:00:00,M5,Compresseur,OP03,42.9,OK,
2026-04-03 11:30:00,M1,Turbine,OP07,47.15,OK,
2026-04-03 12:00:00,M3,Aube,OP08,34.74,OK,
2026-04-03 12:30:00,M1,Aube,OP07,27.31,OK,
2026-04-03 13:00:00,M3,Carter,OP08,44.57,OK,
2026-04-03 13:30:00,M5,Turbine,OP08,53.98,OK,
2026-04-03 14:00:00,M5,Compresseur,OP07,46.2,OK,
2026-04-03 14:30:00,M2,Compresseur,OP04,44.45,OK,
2026-04-03 15:00:00,M4,Carter,OP05,35.23,OK,
2026-04-03 15:30:00,M3,Aube,OP07,37.62,OK,
2026-04-03 16:00:00,M3,Turbine,OP01,60.54,OK,
2026-04-03 16:30:00,M2,Turbine,OP06,53.81,OK,
2026-04-03 17:00:00,M5,Turbine,OP07,63.13,OK,
2026-04-03 17:30:00,M5,Turbine,OP02,52.9,OK,
2026-04-03 18:00:00,M2,Carter,OP06,44.44,OK,
2026-04-03 18:30:00,M3,Compresseur,OP07,48.03,OK,
2026-04-03 19:00:00,M4,Turbine,OP08,45.64,NOK,Tolérance
2026-04-03 19:30:00,M5,Turbine,OP07,46.68,OK,
2026-04-03 20:00:00,M2,Injecteur,OP01,28.67,OK,
2026-04-03 20:30:00,M1,Aube,OP08,33.94,OK,
2026-04-03 21:00:00,M5,Aube,OP06,33.82,OK,
2026-04-03 21:30:00,M5,Turbine,OP07,50.64,OK,
2026-04-03 22:00:00,M4,Carter,OP02,41.07,OK,
2026-04-03 22:30:00,M5,Aube,OP02,32.35,OK,
2026-04-03 23:00:00,M5,Compresseur,OP08,36.43,OK,
2026-04-03 23:30:00,M2,Turbine,OP08,50.39,OK,
2026-04-04 00:00:00,M4,Compresseur,OP06,46.07,OK,
2026-04-04 00:30:00,M4,Compresseur,OP06,38.75,OK,
2026-04-04 01:00:00,M3,Carter,OP05,46.13,OK,
2026-04-04 01:30:00,M4,Compresseur,OP01,35.76,NOK,Assemblage
2026-04-04 02:00:00,M5,Injecteur,OP06,25.89,OK,
2026-04-04 02:30:00,M4,Turbine,OP07,54.09,OK,
2026-04-04 03:00:00,M5,Aube,OP03,35.09,OK,
2026-04-04 03:30:00,M3,Injecteur,OP03,34.46,OK,
2026-04-04 04:00:00,M2,Injecteur,OP02,27.18,OK,
2026-04-04 04:30:00,M3,Injecteur,OP03,31.89,OK,
2026-04-04 05:00:00,M1,Compresseur,OP07,45.79,OK,
2026-04-04 05:30:00,M5,Compresseur,OP07,41.85,NOK,Tolérance
2026-04-04 06:00:00,M3,Turbine,OP04,54.36,OK,
2026-04-04 06:30:00,M4,Carter,OP01,34.38,OK,
2026-04-04 07:00:00,M1,Injecteur,OP02,33.91,OK,
2026-04-04 07:30:00,M3,Turbine,OP02,59.61,NOK,Assemblage
2026-04-04 08:00:00,M2,Aube,OP02,32.91,NOK,Rayure
2026-04-04 08:30:00,M4,Aube,OP06,31.03,OK,
2026-04-04 09:00:00,M2,Turbine,OP05,52.25,OK,
2026-04-04 09:30:00,M1,Compresseur,OP06,41.11,OK,
2026-04-04 10:00:00,M5,Injecteur,OP01,32.01,OK,
2026-04-04 10:30:00,M1,Injecteur,OP01,32.86,OK,
2026-04-04 11:00:00,M2,Carter,OP02,39.05,OK,
2026-04-04 11:30:00,M2,Carter,OP05,38.09,OK,
2026-04-04 12:00:00,M3,Injecteur,OP05,30.51,OK,
2026-04-04 12:30:00,M2,Carter,OP03,39.55,OK,
2026-04-04 13:00:00,M3,Aube,OP02,34.37,OK,
2026-04-04 13:30:00,M4,Aube,OP08,28.6,OK,
2026-04-04 14:00:00,M3,Injecteur,OP02,33.18,OK,
2026-04-04 14:30:00,M1,Aube,OP03,30.15,OK,
2026-04-04 15:00:00,M3,Injecteur,OP07,34.09,OK,
2026-04-04 15:30:00,M3,Aube,OP01,43.55,NOK,Assemblage
2026-04-04 16:00:00,M2,Carter,OP04,42.18,OK,
2026-04-04 16:30:00,M1,Compresseur,OP06,42.81,OK,
2026-04-04 17:00:00,M2,Aube,OP06,36.39,OK,
2026-04-04 17:30:00,M5,Turbine,OP02,47.36,OK,
2026-04-04 18:00:00,M1,Injecteur,OP07,27.76,OK,
2026-04-04 18:30:00,M1,Aube,OP08,29.28,NOK,Assemblage
2026-04-04 19:00:00,M1,Aube,OP03,28.99,OK,
2026-04-04 19:30:00,M1,Injecteur,OP01,26.77,OK,
2026-04-04 20:00:00,M4,Compresseur,OP01,39.74,OK,
2026-04-04 20:30:00,M4,Carter,OP05,36.43,OK,
2026-04-04 21:00:00,M1,Injecteur,OP06,28.13,OK,
2026-04-04 21:30:00,M4,Compresseur,OP06,40.03,OK,
2026-04-04 22:00:00,M2,Compresseur,OP01,48.22,OK,
2026-04-04 22:30:00,M2,Turbine,OP02,57.31,OK,
2026-04-04 23:00:00,M3,Injecteur,OP01,40.66,OK,
2026-04-04 23:30:00,M1,Compresseur,OP05,38.73,OK,
2026-04-05 00:00:00,M5,Aube,OP05,30.48,OK,
2026-04-05 00:30:00,M3,Turbine,OP07,49.46,OK,
2026-04-05 01:00:00,M5,Injecteur,OP04,25.86,OK,
2026-04-05 01:30:00,M4,Turbine,OP02,46.06,OK,
2026-04-05 02:00:00,M1,Carter,OP04,34.54,OK,
2026-04-05 02:30:00,M4,Compresseur,OP04,36.15,NOK,Tolérance
2026-04-05 03:00:00,M4,Turbine,OP08,49.52,OK,
2026-04-05 03:30:00,M3,Carter,OP08,44.67,OK,
2026-04-05 04:00:00,M1,Turbine,OP04,51.39,OK,
2026-04-05 04:30:00,M2,Aube,OP04,32.12,NOK,Mesure
2026-04-05 05:00:00,M3,Injecteur,OP02,38.94,OK,
2026-04-05 05:30:00,M4,Turbine,OP05,52.57,NOK,Finition
2026-04-05 06:00:00,M3,Compresseur,OP02,46.32,OK,
2026-04-05 06:30:00,M3,Compresseur,OP08,49.03,OK,
2026-04-05 07:00:00,M4,Aube,OP04,30.22,OK,
2026-04-05 07:30:00,M4,Injecteur,OP07,30.73,OK,
2026-04-05 08:00:00,M2,Compresseur,OP04,46.96,OK,
2026-04-05 08:30:00,M5,Compresseur,OP05,45.44,OK,
2026-04-05 09:00:00,M4,Aube,OP07,34.66,OK,
2026-04-05 09:30:00,M2,Turbine,OP04,53.21,OK,
2026-04-05 10:00:00,M5,Carter,OP01,40.25,OK,
2026-04-05 10:30:00,M3,Turbine,OP03,57.35,OK,
2026-04-05 11:00:00,M2,Carter,OP08,38.78,OK,
2026-04-05 11:30:00,M2,Carter,OP02,38.85,OK,
2026-04-05 12:00:00,M1,Injecteur,OP06,32.64,OK,
2026-04-05 12:30:00,M1,Compresseur,OP01,40.3,OK,
2026-04-05 13:00:00,M2,Injecteur,OP03,30.65,OK,
2026-04-05 13:30:00,M3,Aube,OP08,33.66,OK,
2026-04-05 14:00:00,M3,Aube,OP05,38.2,OK,
2026-04-05 14:30:00,M5,Injecteur,OP08,29.85,OK,
2026-04-05 15:00:00,M1,Turbine,OP07,51.54,OK,
2026-04-05 15:30:00,M2,Injecteur,OP07,27.27,OK,
2026-04-05 16:00:00,M2,Aube,OP02,39.1,OK,
2026-04-05 16:30:00,M4,Injecteur,OP03,26.77,OK,
2026-04-05 17:00:00,M3,Aube,OP07,40.62,OK,
2026-04-05 17:30:00,M3,Injecteur,OP02,34.74,OK,
2026-04-05 18:00:00,M3,Carter,OP02,46.73,OK,
2026-04-05 18:30:00,M2,Injecteur,OP05,29.87,OK,
2026-04-05 19:00:00,M3,Aube,OP05,40.65,OK,
2026-04-05 19:30:00,M5,Compresseur,OP01,55.24,OK,
2026-04-05 20:00:00,M1,Compresseur,OP05,44.73,OK,
2026-04-05 20:30:00,M5,Turbine,OP02,53.88,OK,
2026-04-05 21:00:00,M2,Aube,OP02,33.32,OK,
2026-04-05 21:30:00,M4,Aube,OP07,31.69,OK,
2026-04-05 22:00:00,M3,Carter,OP05,44.89,OK,
2026-04-05 22:30:00,M2,Turbine,OP05,53.15,OK,
2026-04-05 23:00:00,M3,Carter,OP02,41.62,OK,
2026-04-05 23:30:00,M4,Compresseur,OP03,46.13,OK,
2026-04-06 00:00:00,M5,Carter,OP08,35.59,OK,
2026-04-06 00:30:00,M5,Compresseur,OP07,43.99,OK,
2026-04-06 01:00:00,M3,Turbine,OP06,57.94,OK,
2026-04-06 01:30:00,M4,Turbine,OP07,50.51,OK,
2026-04-06 02:00:00,M5,Aube,OP01,34.42,OK,
2026-04-06 02:30:00,M5,Compresseur,OP05,42.63,OK,
2026-04-06 03:00:00,M1,Compresseur,OP01,39.99,OK,
2026-04-06 03:30:00,M2,Turbine,OP03,47.28,OK,
2026-04-06 04:00:00,M1,Aube,OP04,32.02,OK,
2026-04-06 04:30:00,M1,Turbine,OP04,49.02,OK,
2026-04-06 05:00:00,M5,Aube,OP07,33.84,OK,
2026-04-06 05:30:00,M2,Injecteur,OP05,30.99,OK,
2026-04-06 06:00:00,M5,Compresseur,OP07,41.86,OK,
2026-04-06 06:30:00,M2,Turbine,OP04,50.97,OK,
2026-04-06 07:00:00,M1,Injecteur,OP08,27.49,OK,
2026-04-06 07:30:00,M4,Aube,OP07,32.66,OK,
2026-04-06 08:00:00,M1,Injecteur,OP07,31.37,OK,
2026-04-06 08:30:00,M5,Aube,OP01,32.66,OK,
2026-04-06 09:00:00,M2,Aube,OP08,32.17,OK,
2026-04-06 09:30:00,M5,Turbine,OP06,57.31,OK,
2026-04-06 10:00:00,M5,Compresseur,OP03,40.05,OK,
2026-04-06 10:30:00,M2,Carter,OP05,36.33,OK,
2026-04-06 11:00:00,M4,Aube,OP08,29.61,OK,
2026-04-06 11:30:00,M5,Carter,OP03,36.41,OK,
2026-04-06 12:00:00,M5,Carter,OP07,38.12,OK,
2026-04-06 12:30:00,M1,Aube,OP08,32.28,OK,
2026-04-06 13:00:00,M2,Compresseur,OP03,42.12,OK,
2026-04-06 13:30:00,M1,Injecteur,OP05,26.27,OK,
2026-04-06 14:00:00,M1,Aube,OP06,27.79,OK,
2026-04-06 14:30:00,M4,Aube,OP03,27.67,OK,
2026-04-06 15:00:00,M2,Turbine,OP05,46.29,OK,
2026-04-06 15:30:00,M4,Injecteur,OP04,28.24,OK,
2026-04-06 16:00:00,M1,Turbine,OP01,51.18,OK,
2026-04-06 16:30:00,M5,Compresseur,OP06,35.99,OK,
2026-04-06 17:00:00,M5,Aube,OP04,34.3,OK,
2026-04-06 17:30:00,M5,Injecteur,OP03,26.34,OK,
2026-04-06 18:00:00,M4,Compresseur,OP02,42.36,OK,
2026-04-06 18:30:00,M1,Injecteur,OP06,31.42,NOK,Assemblage
2026-04-06 19:00:00,M3,Aube,OP06,43.66,OK,
2026-04-06 19:30:00,M5,Turbine,OP05,51.85,OK,
2026-04-06 20:00:00,M1,Injecteur,OP08,36.48,OK,
2026-04-06 20:30:00,M4,Carter,OP04,32.87,OK,
2026-04-06 21:00:00,M2,Turbine,OP06,54.17,OK,
2026-04-06 21:30:00,M1,Injecteur,OP01,27.11,OK,
2026-04-06 22:00:00,M4,Injecteur,OP02,30.43,OK,
2026-04-06 22:30:00,M1,Compresseur,OP08,38.92,OK,
2026-04-06 23:00:00,M4,Aube,OP05,32.13,OK,
2026-04-06 23:30:00,M1,Turbine,OP07,43.39,OK,
2026-04-07 00:00:00,M5,Aube,OP01,30.43,OK,
2026-04-07 00:30:00,M5,Turbine,OP02,51.27,OK,
2026-04-07 01:00:00,M3,Carter,OP04,40.04,OK,
2026-04-07 01:30:00,M1,Turbine,OP07,54.22,OK,
2026-04-07 02:00:00,M5,Injecteur,OP01,29.98,OK,
2026-04-07 02:30:00,M1,Compresseur,OP03,40.97,OK,
2026-04-07 03:00:00,M3,Carter,OP04,44.98,OK,
2026-04-07 03:30:00,M1,Compresseur,OP05,40.98,OK,
2026-04-07 04:00:00,M3,Turbine,OP08,53.97,OK,
2026-04-07 04:30:00,M2,Injecteur,OP05,24.01,OK,
2026-04-07 05:00:00,M1,Compresseur,OP06,44.55,OK,
2026-04-07 05:30:00,M2,Turbine,OP04,47.94,OK,
2026-04-07 06:00:00,M1,Carter,OP03,39.0,OK,
2026-04-07 06:30:00,M1,Compresseur,OP08,41.46,OK,
2026-04-07 07:00:00,M5,Aube,OP05,33.05,OK,
2026-04-07 07:30:00,M4,Compresseur,OP07,38.96,OK,
2026-04-07 08:00:00,M2,Aube,OP03,31.65,OK,
2026-04-07 08:30:00,M3,Compresseur,OP06,44.59,OK,
2026-04-07 09:00:00,M5,Turbine,OP01,46.65,OK,
2026-04-07 09:30:00,M1,Compresseur,OP07,45.43,OK,
2026-04-07 10:00:00,M3,Injecteur,OP08,31.54,OK,
2026-04-07 10:30:00,M4,Aube,OP04,33.06,OK,
2026-04-07 11:00:00,M3,Compresseur,OP04,47.81,OK,
2026-04-07 11:30:00,M3,Carter,OP05,41.18,OK,
2026-04-07 12:00:00,M5,Compresseur,OP02,40.06,OK,
2026-04-07 12:30:00,M4,Aube,OP01,34.86,OK,
2026-04-07 13:00:00,M3,Aube,OP04,35.41,NOK,Finition
2026-04-07 13:30:00,M1,Aube,OP03,34.0,OK,
2026-04-07 14:00:00,M3,Aube,OP03,38.75,OK,
2026-04-07 14:30:00,M2,Compresseur,OP01,44.22,OK,
2026-04-07 15:00:00,M4,Injecteur,OP06,32.3,OK,
2026-04-07 15:30:00,M3,Carter,OP01,44.66,OK,
2026-04-07 16:00:00,M3,Injecteur,OP01,33.4,NOK,Mesure
2026-04-07 16:30:00,M1,Turbine,OP04,47.47,OK,
2026-04-07 17:00:00,M4,Compresseur,OP07,41.11,OK,
2026-04-07 17:30:00,M3,Aube,OP06,37.41,OK,
